case:concept:name,ID,concept:name,Name,ativity name,WBS,Predecessors,Successors,Baseline Start,Baseline End,Duration,time:timestamp,Actual Duration,Actual end,Resource Cost,Fixed Cost,Cost/Hour,Variable Cost,Total Cost,Baseline duration (in calendar days),,,,,,,,,,,
4,1,a,Werfinrichting,Site equipment,1.1.1,,FS5,3/7/16 8:00,3/9/16 17:00,3,3/7/16 8:00,6,3/13/16 8:00,0.00€,"3,642.00€",0.00€,0.00€,"3,642.00€",2.375,"3,642.00€",0.00€,0,"1,721.00€",0.00€,"5,363.00€",0.00€,100%,Finished,"3,642.00€","3,642.00€"
4,3,c,Rijtijden ploegen,Plow driving times,1.1.3,,FS5,3/7/16 8:00,3/16/16 17:00,8,3/7/16 8:00,7,3/14/16 8:00,0.00€,"2,190.00€",0.00€,0.00€,"2,190.00€",9.375,"2,190.00€",0.00€,0,-154.00€,0.00€,"2,036.00€",0.00€,100%,Finished,"2,190.00€","2,190.00€"
4,2,b,Transportkosten,Transportation costs,1.1.2,,FS5,3/7/16 8:00,3/15/16 17:00,7,3/7/16 8:00,8,3/15/16 8:00,0.00€,"2,202.00€",0.00€,0.00€,"2,202.00€",8.375,"2,202.00€",0.00€,0,-56.00€,0.00€,"2,146.00€",0.00€,100%,Finished,"2,202.00€","2,202.00€"
4,4,d,Studiekosten,Study costs,1.1.4,,FS5,3/7/16 8:00,3/21/16 17:00,11,3/7/16 8:00,10,3/17/16 8:00,0.00€,"3,231.00€",0.00€,0.00€,"3,231.00€",14.375,"3,231.00€",0.00€,0,216.00€,0.00€,"3,447.00€",0.00€,100%,Finished,"3,231.00€","3,231.00€"
4,5,e,Funderingen,Foundations,1.2.1,1FS;2FS;3FS;4FS,FS6,3/22/16 8:00,5/2/16 17:00,30,3/21/16 8:00,30,4/20/16 8:00,0.00€,"12,319.00€",0.00€,0.00€,"12,319.00€",41.375,"12,319.00€",0.00€,0,42.00€,0.00€,"12,361.00€",0.00€,100%,Finished,"12,319.00€","12,319.00€"
4,6,f,Gewa/metselwerk,Gewa/masonry,1.3.1,5FS,FS7;FS8,5/3/16 8:00,5/27/16 17:00,19,5/2/16 8:00,19,5/21/16 8:00,0.00€,"12,997.00€",0.00€,0.00€,"12,997.00€",24.375,"12,997.00€",0.00€,0,580.00€,0.00€,"13,577.00€",0.00€,100%,Finished,"12,997.00€","12,997.00€"
4,8,h,Uitbranden GEWA,Burn out GEWA,1.3.3,6FS,FS9,5/30/16 8:00,5/30/16 17:00,1,5/27/16 8:00,1,5/28/16 8:00,0.00€,533.00€,0.00€,0.00€,533.00€,0.375,533.00€,0.00€,0,819.00€,0.00€,"1,352.00€",0.00€,100%,Finished,533.00€,533.00€
4,7,g,Gewelven/Structuur,Vaults/Structure,1.3.2,6FS,FS9,5/30/16 8:00,6/7/16 17:00,7,5/27/16 8:00,7,6/3/16 8:00,0.00€,"5,432.00€",0.00€,0.00€,"5,432.00€",8.375,"5,432.00€",0.00€,0,0.00€,0.00€,"5,432.00€",0.00€,100%,Finished,"5,432.00€","5,432.00€"
4,9,i,Isolatie,Insulation,1.3.4,7FS;8FS,FS10,6/8/16 8:00,6/14/16 17:00,5,6/7/16 8:00,6,6/13/16 8:00,0.00€,"1,324.00€",0.00€,0.00€,"1,324.00€",6.375,"1,324.00€",0.00€,0,292.00€,0.00€,"1,616.00€",0.00€,100%,Finished,"1,324.00€","1,324.00€"
4,10,j,Parament,Parament,1.3.5,9FS,FS11,6/15/16 8:00,8/2/16 17:00,35,6/15/16 8:00,33,7/18/16 8:00,0.00€,"19,883.00€",0.00€,0.00€,"19,883.00€",48.375,"19,883.00€",0.00€,0,464.00€,0.00€,"20,347.00€",0.00€,100%,Finished,"19,883.00€","19,883.00€"
4,11,k,Ytong,Ytong,1.3.6,10FS,FS12;FS13,8/3/16 8:00,8/8/16 17:00,4,8/1/16 8:00,5,8/6/16 8:00,0.00€,"2,879.00€",0.00€,0.00€,"2,879.00€",5.375,"2,879.00€",0.00€,0,7.00€,0.00€,"2,886.00€",0.00€,100%,Finished,"2,879.00€","2,879.00€"
4,12,l,Dorpels,Sills,1.3.7,11FS,FS14,8/9/16 8:00,8/11/16 17:00,3,8/8/16 8:00,2,8/10/16 8:00,0.00€,"1,934.00€",0.00€,0.00€,"1,934.00€",2.375,"1,934.00€",0.00€,0,-637.00€,0.00€,"1,297.00€",0.00€,100%,Finished,"1,934.00€","1,934.00€"
4,13,m,Voegwerk,Jointing,1.3.8,11FS,FS14,8/9/16 8:00,8/16/16 17:00,6,8/8/16 8:00,7,8/15/16 8:00,0.00€,"1,493.00€",0.00€,0.00€,"1,493.00€",7.375,"1,493.00€",0.00€,0,568.00€,0.00€,"2,061.00€",0.00€,100%,Finished,"1,493.00€","1,493.00€"
4,14,n,Stelling,Rack,1.3.9,12FS;13FS,FS15,8/17/16 8:00,8/22/16 17:00,4,8/17/16 8:00,9,8/26/16 8:00,0.00€,"1,392.00€",0.00€,0.00€,"1,392.00€",5.375,"1,392.00€",0.00€,0,"1,258.00€",0.00€,"2,650.00€",0.00€,100%,Finished,"1,392.00€","1,392.00€"
4,15,i,Crepi+Isolatie,Crepi+Isolation,1.3.10,14FS,FS16,8/23/16 8:00,8/24/16 17:00,2,8/30/16 8:00,1,8/31/16 8:00,0.00€,334.00€,0.00€,0.00€,334.00€,1.375,334.00€,0.00€,0,-234.00€,0.00€,100.00€,0.00€,100%,Finished,334.00€,334.00€
4,16,o,Karweien,chores,1.3.11,15FS,FS17,8/25/16 8:00,8/25/16 17:00,1,8/31/16 8:00,4,9/4/16 8:00,0.00€,200.00€,0.00€,0.00€,200.00€,0.375,200.00€,0.00€,0,976.00€,0.00€,"1,176.00€",0.00€,100%,Finished,200.00€,200.00€
4,17,p,Daktimmer traditioneel/prefabkap,Roof carpenter traditional/prefab roof,1.4.1,16FS,FS18,8/26/16 8:00,10/13/16 17:00,35,9/6/16 8:00,34,10/10/16 8:00,0.00€,"13,456.00€",0.00€,0.00€,"13,456.00€",48.375,"13,456.00€",0.00€,0,-809.22€,0.00€,"12,646.78€",0.00€,100%,Finished,"13,456.00€","13,456.00€"
4,18,q,Dakdekken,Roof decks,1.4.2,17FS,FS19;FS20,10/14/16 8:00,11/10/16 17:00,20,10/24/16 8:00,18,11/11/16 8:00,0.00€,"15,873.00€",0.00€,0.00€,"15,873.00€",27.375,"15,873.00€",0.00€,0,-584.00€,0.00€,"15,289.00€",0.00€,100%,Finished,"15,873.00€","15,873.00€"
4,19,r,Goten & Afleiders,Gutters & Diverters,1.4.3,18FS,,11/11/16 8:00,11/15/16 17:00,3,11/17/16 8:00,3,11/20/16 8:00,0.00€,"1,282.00€",0.00€,0.00€,"1,282.00€",4.375,"1,282.00€",0.00€,0,52.00€,0.00€,"1,334.00€",0.00€,100%,Finished,"1,282.00€","1,282.00€"
4,20,s,Oversteken/Gevelbekleding,Crossing/Façade cladding,1.4.4,18FS,FS21,11/11/16 8:00,12/2/16 17:00,16,11/17/16 8:00,12,11/29/16 8:00,0.00€,"6,265.00€",0.00€,0.00€,"6,265.00€",21.375,"6,265.00€",0.00€,0,-178.00€,0.00€,"6,087.00€",0.00€,100%,Finished,"6,265.00€","6,265.00€"
4,21,t,Dakvlakramen,Roof plane windows,1.4.5,20FS,FS22,12/5/16 8:00,12/5/16 17:00,1,12/5/16 8:00,1,12/6/16 8:00,0.00€,"2,324.00€",0.00€,0.00€,"2,324.00€",0.375,"2,324.00€",0.00€,0,197.00€,0.00€,"2,521.00€",0.00€,100%,Finished,"2,324.00€","2,324.00€"
4,22,u,Buitenschrijnwerk plaatsen,Install exterior joinery,1.5.1,21FS,FS32;FS33,12/6/16 8:00,12/26/16 17:00,15,12/6/16 8:00,16,12/22/16 8:00,0.00€,"23,493.00€",0.00€,0.00€,"23,493.00€",20.375,"23,493.00€",0.00€,0,347.00€,0.00€,"23,840.00€",0.00€,100%,Finished,"23,493.00€","23,493.00€"
4,23,v,Plakwerken,pasting,1.6.1,41FS,FS24,1/23/17 8:00,2/7/17 17:00,12,1/26/17 8:00,12,2/7/17 8:00,0.00€,"9,564.00€",0.00€,0.00€,"9,564.00€",15.375,"9,564.00€",0.00€,0,10.00€,0.00€,"9,574.00€",0.00€,100%,Finished,"9,564.00€","9,564.00€"
4,24,w,Chapes/uitvullingen,Chaps/fillings,1.6.2,23FS,FS35,2/8/17 8:00,2/14/17 17:00,5,2/13/17 8:00,5,2/18/17 8:00,0.00€,"2,432.00€",0.00€,0.00€,"2,432.00€",6.375,"2,432.00€",0.00€,0,1.00€,0.00€,"2,433.00€",0.00€,100%,Finished,"2,432.00€","2,432.00€"
4,25,if,Vloerisolatie,Floor insulation,1.6.3,35FS,FS26,2/16/17 8:00,3/1/17 17:00,10,2/21/17 8:00,10,3/3/17 8:00,0.00€,"2,739.00€",0.00€,0.00€,"2,739.00€",13.375,"2,739.00€",0.00€,0,2.00€,0.00€,"2,741.00€",0.00€,100%,Finished,"2,739.00€","2,739.00€"
4,26,x,Tegelwerken,Tile works,1.6.4,25FS,FS27;FS28;FS38,3/2/17 8:00,3/10/17 17:00,7,3/7/17 8:00,7,3/14/17 8:00,0.00€,"3,633.00€",0.00€,0.00€,"3,633.00€",8.375,"3,633.00€",0.00€,0,705.00€,0.00€,"4,338.00€",0.00€,100%,Finished,"3,633.00€","3,633.00€"
4,27,y,Voorbereiding+Gyplat,Preparation+Gyplat,1.6.5,26FS,FS29;FS30;FS31,3/13/17 8:00,3/22/17 17:00,8,3/16/17 8:00,6,3/22/17 8:00,0.00€,"2,792.00€",0.00€,0.00€,"2,792.00€",9.375,"2,792.00€",0.00€,0,"-1,102.00€",0.00€,"1,690.00€",0.00€,100%,Finished,"2,792.00€","2,792.00€"
4,28,z,Buisbek/Zoldluik/Platen zold/Stijl,Tube Beak/Slat Hatch/Plates Attic/Style,1.6.6,26FS,FS29;FS30;FS31,3/13/17 8:00,3/16/17 17:00,4,3/16/17 8:00,4,3/20/17 8:00,0.00€,837.00€,0.00€,0.00€,837.00€,3.375,837.00€,0.00€,0,258.00€,0.00€,"1,095.00€",0.00€,100%,Finished,837.00€,837.00€
4,29,aa,Binnendeuren/Uitbekleding,Interior doors/Clining,1.6.7,27FS;28FS,,3/23/17 8:00,3/28/17 17:00,4,3/24/17 8:00,3,3/27/17 8:00,0.00€,"1,021.00€",0.00€,0.00€,"1,021.00€",5.375,"1,021.00€",0.00€,0,-133.00€,0.00€,888.00€,0.00€,100%,Finished,"1,021.00€","1,021.00€"
4,30,bb,Trap,Trap,1.6.8,27FS;28FS,,3/23/17 8:00,3/30/17 17:00,6,3/24/17 8:00,6,3/30/17 8:00,0.00€,"1,650.00€",0.00€,0.00€,"1,650.00€",7.375,"1,650.00€",0.00€,0,68.00€,0.00€,"1,718.00€",0.00€,100%,Finished,"1,650.00€","1,650.00€"
4,31,cc,Luchtdichten,airtight,1.6.9,27FS;28FS,,3/23/17 8:00,4/5/17 17:00,10,3/24/17 8:00,12,4/5/17 8:00,0.00€,"5,569.00€",0.00€,0.00€,"5,569.00€",13.375,"5,569.00€",0.00€,0,"1,278.00€",0.00€,"6,847.00€",0.00€,100%,Finished,"5,569.00€","5,569.00€"
4,32,dd,UZL,UZL,1.7.1,22FS,FS34,12/27/16 8:00,12/29/16 17:00,3,12/28/16 8:00,3,12/31/16 8:00,0.00€,888.00€,0.00€,0.00€,888.00€,2.375,888.00€,0.00€,0,-56.00€,0.00€,832.00€,0.00€,100%,Finished,888.00€,888.00€
4,33,ee,Betonplexplaten,Concrete plywood plates,1.7.2,22FS,FS34,12/27/16 8:00,12/27/16 17:00,1,12/28/16 8:00,1,12/29/16 8:00,0.00€,100.00€,0.00€,0.00€,100.00€,0.375,100.00€,0.00€,0,149.00€,0.00€,249.00€,0.00€,100%,Finished,100.00€,100.00€
4,34,ff,Slijpen technieken/Boringen,Grinding Techniques/Drilling,1.7.3,32FS;33FS,FS36,12/30/16 8:00,1/4/17 17:00,4,1/2/17 8:00,7,1/9/17 8:00,0.00€,"1,296.00€",0.00€,0.00€,"1,296.00€",5.375,"1,296.00€",0.00€,0,603.00€,0.00€,"1,899.00€",0.00€,100%,Finished,"1,296.00€","1,296.00€"
4,35,gg,Bad &amp; douche,Bath &amp; shower,1.7.4,24FS,FS25,2/15/17 8:00,2/15/17 17:00,1,2/20/17 8:00,1,2/21/17 8:00,0.00€,320.00€,0.00€,0.00€,320.00€,0.375,320.00€,0.00€,0,90.00€,0.00€,410.00€,0.00€,100%,Finished,320.00€,320.00€
4,36,hh,Leidingen vent,Pipes guy,1.7.5,34FS,FS37,1/5/17 8:00,1/9/17 17:00,3,1/11/17 8:00,2,1/13/17 8:00,0.00€,"2,580.00€",0.00€,0.00€,"2,580.00€",4.375,"2,580.00€",0.00€,0,"-1,280.00€",0.00€,"1,300.00€",0.00€,100%,Finished,"2,580.00€","2,580.00€"
4,37,ii,Leidingen san/WP/CV,San/WP/CV pipes,1.7.6,36FS,FS41,1/10/17 8:00,1/16/17 17:00,5,1/13/17 8:00,6,1/19/17 8:00,0.00€,"3,711.00€",0.00€,0.00€,"3,711.00€",6.375,"3,711.00€",0.00€,0,-443.00€,0.00€,"3,268.00€",0.00€,100%,Finished,"3,711.00€","3,711.00€"
4,38,jj,Afwerken ventilatie,Finish ventilation,1.7.7,26FS,FS39,3/13/17 8:00,3/14/17 17:00,2,3/16/17 8:00,3,3/19/17 8:00,0.00€,"2,317.00€",0.00€,0.00€,"2,317.00€",1.375,"2,317.00€",0.00€,0,-266.00€,0.00€,"2,051.00€",0.00€,100%,Finished,"2,317.00€","2,317.00€"
4,39,kk,Afwerken sanitair,Finish sanitary,1.7.8,38FS,FS40,3/15/17 8:00,3/17/17 17:00,3,3/21/17 8:00,1,3/22/17 8:00,0.00€,"6,472.00€",0.00€,0.00€,"6,472.00€",2.375,"6,472.00€",0.00€,0,-460.00€,0.00€,"6,012.00€",0.00€,100%,Finished,"6,472.00€","6,472.00€"
4,40,ll,Afwerken CV/WP,Finish CV/WP,1.7.9,39FS,FS42,3/20/17 8:00,3/21/17 17:00,2,3/22/17 8:00,1,3/23/17 8:00,0.00€,"5,903.00€",0.00€,0.00€,"5,903.00€",1.375,"5,903.00€",0.00€,0,-281.00€,0.00€,"5,622.00€",0.00€,100%,Finished,"5,903.00€","5,903.00€"
4,41,mm,Leidingen electro,Electrical pipes,1.7.10,37FS,FS23,1/17/17 8:00,1/20/17 17:00,4,1/23/17 8:00,3,1/26/17 8:00,0.00€,"2,701.00€",0.00€,0.00€,"2,701.00€",3.375,"2,701.00€",0.00€,0,-153.00€,0.00€,"2,548.00€",0.00€,100%,Finished,"2,701.00€","2,701.00€"
4,42,nn,Afwerken electro,Finishing electrical,1.7.11,40FS,FS43;FS44;FS45;FS46,3/22/17 8:00,3/27/17 17:00,4,3/23/17 8:00,3,3/26/17 8:00,0.00€,"3,807.00€",0.00€,0.00€,"3,807.00€",5.375,"3,807.00€",0.00€,0,-229.00€,0.00€,"3,578.00€",0.00€,100%,Finished,"3,807.00€","3,807.00€"
4,43,oo,Zonneboiler,Solar water heater,1.7.12,42FS,,3/28/17 8:00,3/28/17 17:00,1,3/28/17 8:00,2,3/30/17 8:00,0.00€,455.00€,0.00€,0.00€,455.00€,0.375,455.00€,0.00€,0,0.00€,0.00€,455.00€,0.00€,100%,Finished,455.00€,455.00€
4,44,qq,PV panelen,PV panels,1.7.13,42FS,,3/28/17 8:00,3/30/17 17:00,3,3/28/17 8:00,3,3/31/17 8:00,0.00€,"4,950.00€",0.00€,0.00€,"4,950.00€",2.375,"4,950.00€",0.00€,0,0.00€,0.00€,"4,950.00€",0.00€,100%,Finished,"4,950.00€","4,950.00€"
4,45,pp,Verlichting,Relief,1.7.14,42FS,,3/28/17 8:00,3/28/17 17:00,1,3/28/17 8:00,1,3/29/17 8:00,0.00€,100.00€,0.00€,0.00€,100.00€,0.375,100.00€,0.00€,0,22.00€,0.00€,122.00€,0.00€,100%,Finished,100.00€,100.00€
4,46,o1,Karweien,chores,1.7.15,42FS,FS47,3/28/17 8:00,4/7/17 17:00,9,3/28/17 8:00,8,4/5/17 8:00,0.00€,"3,227.00€",0.00€,0.00€,"3,227.00€",10.375,"3,227.00€",0.00€,0,-107.00€,0.00€,"3,120.00€",0.00€,100%,Finished,"3,227.00€","3,227.00€"
4,47,rr,Opkuis werf (afvoeren puin & afval),Site clean-up (remove rubble & waste),1.8.1,46FS,FS48,4/10/17 8:00,4/14/17 17:00,5,4/7/17 8:00,5,4/12/17 8:00,0.00€,"1,406.00€",0.00€,0.00€,"1,406.00€",4.375,"1,406.00€",0.00€,0,93.00€,0.00€,"1,499.00€",0.00€,100%,Finished,"1,406.00€","1,406.00€"
4,48,ss,Rest,Rest,1.9.1,47FS,,4/17/17 8:00,5/29/17 17:00,31,4/14/17 8:00,31,5/15/17 8:00,0.00€,"13,218.00€",0.00€,0.00€,"13,218.00€",42.375,"13,218.00€",0.00€,0,0.00€,0.00€,"13,218.00€",0.00€,100%,Finished,"13,218.00€","13,218.00€"
1,1,a,"Werfinrichting, werftoiletten","Site equipment, site toilets",1.1.1,,FS8,3/8/16 8:00,3/14/16 17:00,5,3/8/16 8:00,4,3/12/16 8:00,0.00€,"2,848.00€",0.00€,0.00€,"2,848.00€",6.375,"2,848.00€",0.00€,0,-267.00€,0.00€,"2,581.00€",0.00€,100%,Finished,"2,848.00€","2,848.00€"
1,2,tt,Voorbereiding oplevering,Preparation delivery,1.1.2,,FS8,3/8/16 8:00,3/8/16 17:00,1,3/8/16 8:00,1,3/9/16 8:00,0.00€,30.00€,0.00€,0.00€,30.00€,0.375,30.00€,0.00€,0,-1.00€,0.00€,29.00€,0.00€,100%,Finished,30.00€,30.00€
1,3,b,Transportkosten,Transportation costs,1.1.3,,FS8,3/8/16 8:00,3/10/16 17:00,3,3/8/16 8:00,1,3/9/16 8:00,0.00€,790.00€,0.00€,0.00€,790.00€,2.375,790.00€,0.00€,0,-687.00€,0.00€,103.00€,0.00€,100%,Finished,790.00€,790.00€
1,4,c,Rijtijden ploegen,Plow driving times,1.1.4,,FS8,3/8/16 8:00,3/8/16 17:00,1,3/8/16 8:00,1,3/9/16 8:00,0.00€,100.00€,0.00€,0.00€,100.00€,0.375,100.00€,0.00€,0,2.00€,0.00€,102.00€,0.00€,100%,Finished,100.00€,100.00€
1,5,uu,Magazijn,Stockroom,1.1.5,,FS8,3/8/16 8:00,3/11/16 17:00,4,3/8/16 8:00,2,3/10/16 8:00,0.00€,943.00€,0.00€,0.00€,943.00€,3.375,943.00€,0.00€,0,-480.00€,0.00€,463.00€,0.00€,100%,Finished,943.00€,943.00€
1,6,d,Studiekosten projectontwikkelaar,Study costs project developer,1.1.6,,FS8,3/8/16 8:00,3/23/16 17:00,12,3/8/16 8:00,10,3/18/16 8:00,0.00€,"3,318.00€",0.00€,0.00€,"3,318.00€",15.375,"3,318.00€",0.00€,0,207.00€,0.00€,"3,525.00€",0.00€,100%,Finished,"3,318.00€","3,318.00€"
1,7,d1,Studiekosten aannemer,Contractor study costs,1.1.7,,FS8,3/8/16 8:00,4/6/16 17:00,22,3/8/16 8:00,22,3/30/16 8:00,0.00€,"6,510.00€",0.00€,0.00€,"6,510.00€",29.375,"6,510.00€",0.00€,0,-10.00€,0.00€,"6,500.00€",0.00€,100%,Finished,"6,510.00€","6,510.00€"
1,8,e,Funderingen,Foundations,1.2.1,1FS;2FS;3FS;4FS;5FS;6FS;7FS,FS9,4/7/16 8:00,5/10/16 17:00,24,4/7/16 8:00,28,5/5/16 8:00,0.00€,"11,167.00€",0.00€,0.00€,"11,167.00€",33.375,"11,167.00€",0.00€,0,"1,096.00€",0.00€,"12,263.00€",0.00€,100%,Finished,"11,167.00€","11,167.00€"
1,9,f,GEWA/Metselwerk,GEWA/Masonry,1.3.1,8FS,FS10;FS11,5/11/16 8:00,6/2/16 17:00,17,5/17/16 8:00,16,6/2/16 8:00,0.00€,"13,968.00€",0.00€,0.00€,"13,968.00€",22.375,"13,968.00€",0.00€,0,-536.00€,0.00€,"13,432.00€",0.00€,100%,Finished,"13,968.00€","13,968.00€"
1,10,g,Gewelven/Structuur,Vaults/Structure,1.3.2,9FS,FS12,6/3/16 8:00,6/7/16 17:00,3,6/8/16 8:00,3,6/11/16 8:00,0.00€,"5,417.00€",0.00€,0.00€,"5,417.00€",4.375,"5,417.00€",0.00€,0,0.00€,0.00€,"5,417.00€",0.00€,100%,Finished,"5,417.00€","5,417.00€"
1,11,h,Uitbranden GEWA,Burn out GEWA,1.3.3,9FS,FS12,6/3/16 8:00,6/3/16 17:00,1,6/8/16 8:00,1,6/9/16 8:00,0.00€,341.00€,0.00€,0.00€,341.00€,0.375,341.00€,0.00€,0,0.00€,0.00€,341.00€,0.00€,100%,Finished,341.00€,341.00€
1,12,i,Isolatie,Insulation,1.3.4,10FS;11FS,FS13,6/8/16 8:00,6/15/16 17:00,6,6/13/16 8:00,6,6/19/16 8:00,0.00€,"4,629.00€",0.00€,0.00€,"4,629.00€",7.375,"4,629.00€",0.00€,0,0.00€,0.00€,"4,629.00€",0.00€,100%,Finished,"4,629.00€","4,629.00€"
1,13,j,Parament,Parament,1.3.5,12FS,FS14,6/16/16 8:00,7/22/16 17:00,27,6/21/16 8:00,27,7/18/16 8:00,0.00€,"15,804.00€",0.00€,0.00€,"15,804.00€",36.375,"15,804.00€",0.00€,0,92.00€,0.00€,"15,896.00€",0.00€,100%,Finished,"15,804.00€","15,804.00€"
1,14,k,Ytong/gipswanden,Ytong/gypsum walls,1.3.6,13FS,FS15;FS16,7/25/16 8:00,7/28/16 17:00,4,7/28/16 8:00,4,8/1/16 8:00,0.00€,"2,696.00€",0.00€,0.00€,"2,696.00€",3.375,"2,696.00€",0.00€,0,0.00€,0.00€,"2,696.00€",0.00€,100%,Finished,"2,696.00€","2,696.00€"
1,15,l,Dorpels,Sills,1.3.7,14FS,FS17,7/29/16 8:00,7/29/16 17:00,1,8/3/16 8:00,1,8/4/16 8:00,0.00€,646.00€,0.00€,0.00€,646.00€,0.375,646.00€,0.00€,0,0.00€,0.00€,646.00€,0.00€,100%,Finished,646.00€,646.00€
1,16,m,Voegwerk,Jointing,1.3.8,14FS,FS17,7/29/16 8:00,8/8/16 17:00,7,8/3/16 8:00,8,8/11/16 8:00,0.00€,"1,821.00€",0.00€,0.00€,"1,821.00€",10.375,"1,821.00€",0.00€,0,312.00€,0.00€,"2,133.00€",0.00€,100%,Finished,"1,821.00€","1,821.00€"
1,17,n,Stelling,Rack,1.3.9,15FS;16FS,FS18,8/9/16 8:00,8/12/16 17:00,4,8/15/16 8:00,4,8/19/16 8:00,0.00€,"1,420.00€",0.00€,0.00€,"1,420.00€",3.375,"1,420.00€",0.00€,0,-211.00€,0.00€,"1,209.00€",0.00€,100%,Finished,"1,420.00€","1,420.00€"
1,18,p,Daktimmer traditioneel / prefabkap,Roof carpenter traditional / prefab roof,1.4.1,17FS,FS19,8/15/16 8:00,9/2/16 17:00,15,8/19/16 8:00,16,9/4/16 8:00,0.00€,"9,252.00€",0.00€,0.00€,"9,252.00€",18.375,"9,252.00€",0.00€,0,691.00€,0.00€,"9,943.00€",0.00€,100%,Finished,"9,252.00€","9,252.00€"
1,19,q,Dakdekken,Roof decks,1.4.2,18FS,FS21;FS20;FS22,9/5/16 8:00,9/8/16 17:00,4,9/12/16 8:00,4,9/16/16 8:00,0.00€,"2,317.00€",0.00€,0.00€,"2,317.00€",3.375,"2,317.00€",0.00€,0,0.00€,0.00€,"2,317.00€",0.00€,100%,Finished,"2,317.00€","2,317.00€"
1,20,r,Goten & afleiders,Gutters & diverters,1.4.3,19FS,,9/9/16 8:00,9/9/16 17:00,1,9/16/16 8:00,2,9/18/16 8:00,0.00€,177.00€,0.00€,0.00€,177.00€,0.375,177.00€,0.00€,0,143.00€,0.00€,320.00€,0.00€,100%,Finished,177.00€,177.00€
1,21,qq,Zonnepanelen,Solar panels,1.4.4,19FS,,9/9/16 8:00,9/9/16 17:00,1,9/16/16 8:00,1,9/17/16 8:00,0.00€,245.00€,0.00€,0.00€,245.00€,0.375,245.00€,0.00€,0,4.00€,0.00€,249.00€,0.00€,100%,Finished,245.00€,245.00€
1,22,s,Oversteken / gevelbekleding,Crossing / wall cladding,1.4.5,19FS,FS23;FS24,9/9/16 8:00,9/14/16 17:00,4,9/16/16 8:00,4,9/20/16 8:00,0.00€,"1,509.00€",0.00€,0.00€,"1,509.00€",5.375,"1,509.00€",0.00€,0,14.00€,0.00€,"1,523.00€",0.00€,100%,Finished,"1,509.00€","1,509.00€"
1,23,vv,Afdichting/Groendaken/Plat dak,Waterproofing/Green roofs/Flat roof,1.4.6,22FS,FS25,9/15/16 8:00,9/26/16 17:00,8,9/22/16 8:00,8,9/30/16 8:00,0.00€,"3,438.00€",0.00€,0.00€,"3,438.00€",11.375,"3,438.00€",0.00€,0,21.00€,0.00€,"3,459.00€",0.00€,100%,Finished,"3,438.00€","3,438.00€"
1,24,t,Dakvlakramen,Roof plane windows,1.4.7,22FS,FS25,9/15/16 8:00,9/19/16 17:00,3,9/22/16 8:00,5,9/27/16 8:00,0.00€,857.00€,0.00€,0.00€,857.00€,4.375,857.00€,0.00€,0,533.00€,0.00€,"1,390.00€",0.00€,100%,Finished,857.00€,857.00€
1,25,ww,Kader buitenschrijnwerk Wachtbuizen,Exterior carpentry frame Waiting tubes,1.5.1,23FS;24FS,FS26,9/27/16 8:00,9/30/16 17:00,4,10/4/16 8:00,4,10/8/16 8:00,0.00€,"1,783.00€",0.00€,0.00€,"1,783.00€",3.375,"1,783.00€",0.00€,0,16.00€,0.00€,"1,799.00€",0.00€,100%,Finished,"1,783.00€","1,783.00€"
1,26,u,Buitenschrijnwerk plaatsen,Install exterior joinery,1.5.2,25FS,FS27;FS28;FS29;FS39;FS40,10/3/16 8:00,10/7/16 17:00,5,10/10/16 8:00,5,10/15/16 8:00,0.00€,"8,910.00€",0.00€,0.00€,"8,910.00€",4.375,"8,910.00€",0.00€,0,-136.00€,0.00€,"8,774.00€",0.00€,100%,Finished,"8,910.00€","8,910.00€"
1,27,xx,Elastische voegen,Elastic joints,1.5.3,26FS,,10/10/16 8:00,10/10/16 17:00,1,10/17/16 8:00,1,10/18/16 8:00,0.00€,50.00€,0.00€,0.00€,50.00€,0.375,50.00€,0.00€,0,5.00€,0.00€,55.00€,0.00€,100%,Finished,50.00€,50.00€
1,28,yy,Ballustrades/trapleuningen,Ballustrades/stair railings,1.5.4,26FS,,10/10/16 8:00,10/10/16 17:00,1,10/17/16 8:00,1,10/18/16 8:00,0.00€,297.00€,0.00€,0.00€,297.00€,0.375,297.00€,0.00€,0,3.00€,0.00€,300.00€,0.00€,100%,Finished,297.00€,297.00€
1,29,zz,Poort,Gate,1.5.5,26FS,,10/10/16 8:00,10/10/16 17:00,1,10/17/16 8:00,1,10/18/16 8:00,0.00€,276.00€,0.00€,0.00€,276.00€,0.375,276.00€,0.00€,0,3.00€,0.00€,279.00€,0.00€,100%,Finished,276.00€,276.00€
1,30,v,Plakwerken,pasting,1.6.1,49FS,FS31,11/10/16 8:00,11/23/16 17:00,10,11/18/16 8:00,9,11/27/16 8:00,0.00€,"6,891.00€",0.00€,0.00€,"6,891.00€",13.375,"6,891.00€",0.00€,0,-347.00€,0.00€,"6,544.00€",0.00€,100%,Finished,"6,891.00€","6,891.00€"
1,31,w,Chapes,Chaps,1.6.2,30FS,FS42,11/24/16 8:00,12/12/16 17:00,13,12/1/16 8:00,16,12/17/16 8:00,0.00€,"4,779.00€",0.00€,0.00€,"4,779.00€",18.375,"4,779.00€",0.00€,0,782.00€,0.00€,"5,561.00€",0.00€,100%,Finished,"4,779.00€","4,779.00€"
1,32,if,Vloerisolatie,Floor insulation,1.6.3,42FS,FS33,12/14/16 8:00,12/15/16 17:00,2,12/28/16 8:00,3,12/31/16 8:00,0.00€,"2,697.00€",0.00€,0.00€,"2,697.00€",1.375,"2,697.00€",0.00€,0,65.00€,0.00€,"2,762.00€",0.00€,100%,Finished,"2,697.00€","2,697.00€"
1,33,x,Tegelwerken,Tile works,1.6.4,32FS,FS34;FS35;FS36;FS37;FS38;FS46,12/16/16 8:00,12/30/16 17:00,11,1/2/17 8:00,14,1/16/17 8:00,0.00€,"3,027.00€",0.00€,0.00€,"3,027.00€",14.375,"3,027.00€",0.00€,0,662.00€,0.00€,"3,689.00€",0.00€,100%,Finished,"3,027.00€","3,027.00€"
1,34,z,Buisbek/zoldluik/platen zold/stijl,Tube beak/attic hatch/plates attic/style,1.6.5,33FS,,1/2/17 8:00,1/2/17 17:00,1,1/20/17 8:00,3,1/23/17 8:00,0.00€,227.00€,0.00€,0.00€,227.00€,0.375,227.00€,0.00€,0,553.00€,0.00€,780.00€,0.00€,100%,Finished,227.00€,227.00€
1,35,aa,Binnendeuren/Uitbekledingen,Interior doors/Clinings,1.6.6,33FS,,1/2/17 8:00,1/5/17 17:00,4,1/20/17 8:00,4,1/24/17 8:00,0.00€,987.00€,0.00€,0.00€,987.00€,3.375,987.00€,0.00€,0,7.00€,0.00€,994.00€,0.00€,100%,Finished,987.00€,987.00€
1,36,bb,Trap,Trap,1.6.7,33FS,,1/2/17 8:00,1/11/17 17:00,8,1/20/17 8:00,8,1/28/17 8:00,0.00€,"2,150.00€",0.00€,0.00€,"2,150.00€",9.375,"2,150.00€",0.00€,0,-58.00€,0.00€,"2,092.00€",0.00€,100%,Finished,"2,150.00€","2,150.00€"
1,37,cc,Luchtdichten,airtight,1.6.8,33FS,,1/2/17 8:00,1/3/17 17:00,2,1/20/17 8:00,3,1/23/17 8:00,0.00€,491.00€,0.00€,0.00€,491.00€,1.375,491.00€,0.00€,0,408.00€,0.00€,899.00€,0.00€,100%,Finished,491.00€,491.00€
1,38,ab,"Keuken (laminaat, kasten)","Kitchen (laminate, cabinets)",1.6.9,33FS,,1/2/17 8:00,1/10/17 17:00,7,1/20/17 8:00,7,1/27/17 8:00,0.00€,"7,500.00€",0.00€,0.00€,"7,500.00€",8.375,"7,500.00€",0.00€,0,0.00€,0.00€,"7,500.00€",0.00€,100%,Finished,"7,500.00€","7,500.00€"
1,39,dd,UZL,UZL,1.7.1,26FS,FS41,10/10/16 8:00,10/12/16 17:00,3,10/17/16 8:00,3,10/20/16 8:00,0.00€,888.00€,0.00€,0.00€,888.00€,2.375,888.00€,0.00€,0,0.00€,0.00€,888.00€,0.00€,100%,Finished,888.00€,888.00€
1,40,ee,Betonplexplaten,Concrete plywood plates,1.7.2,26FS,FS41,10/10/16 8:00,10/12/16 17:00,3,10/17/16 8:00,1,10/18/16 8:00,0.00€,625.00€,0.00€,0.00€,625.00€,2.375,625.00€,0.00€,0,-370.00€,0.00€,255.00€,0.00€,100%,Finished,625.00€,625.00€
1,41,ff,Slijpen technieken / boringen,Grinding techniques / drilling,1.7.3,39FS;40FS,FS43,10/13/16 8:00,10/19/16 17:00,5,10/20/16 8:00,5,10/25/16 8:00,0.00€,"1,300.00€",0.00€,0.00€,"1,300.00€",6.375,"1,300.00€",0.00€,0,25.00€,0.00€,"1,325.00€",0.00€,100%,Finished,"1,300.00€","1,300.00€"
1,42,gg,Bad en douche,Bath and shower,1.7.4,31FS,FS32,12/13/16 8:00,12/13/16 17:00,1,12/23/16 8:00,3,12/26/16 8:00,0.00€,"1,152.00€",0.00€,0.00€,"1,152.00€",0.375,"1,152.00€",0.00€,0,-69.00€,0.00€,"1,083.00€",0.00€,100%,Finished,"1,152.00€","1,152.00€"
1,43,hh,Leidingen ventilatie,Ventilation pipes,1.7.5,41FS,FS44,10/20/16 8:00,10/24/16 17:00,3,10/27/16 8:00,4,10/31/16 8:00,0.00€,"1,926.00€",0.00€,0.00€,"1,926.00€",4.375,"1,926.00€",0.00€,0,-59.00€,0.00€,"1,867.00€",0.00€,100%,Finished,"1,926.00€","1,926.00€"
1,44,ii,Leidingen san/CV/WP,San/CV/WP pipes,1.7.6,43FS,FS45,10/25/16 8:00,10/28/16 17:00,4,11/2/16 8:00,4,11/6/16 8:00,0.00€,"2,481.00€",0.00€,0.00€,"2,481.00€",3.375,"2,481.00€",0.00€,0,-265.00€,0.00€,"2,216.00€",0.00€,100%,Finished,"2,481.00€","2,481.00€"
1,45,ac,Leidingen vloerverwarming,Underfloor heating pipes,1.7.7,44FS,FS49,10/31/16 8:00,11/3/16 17:00,4,11/8/16 8:00,4,11/12/16 8:00,0.00€,"2,102.00€",0.00€,0.00€,"2,102.00€",3.375,"2,102.00€",0.00€,0,-215.00€,0.00€,"1,887.00€",0.00€,100%,Finished,"2,102.00€","2,102.00€"
1,46,jj,Afwerken ventilatie,Finish ventilation,1.7.8,33FS,FS47,1/2/17 8:00,1/3/17 17:00,2,1/20/17 8:00,1,1/21/17 8:00,0.00€,"1,899.00€",0.00€,0.00€,"1,899.00€",1.375,"1,899.00€",0.00€,0,-372.00€,0.00€,"1,527.00€",0.00€,100%,Finished,"1,899.00€","1,899.00€"
1,47,kk,Afwerken sanitair,Finish sanitary,1.7.9,46FS,FS48,1/4/17 8:00,1/5/17 17:00,2,1/23/17 8:00,4,1/27/17 8:00,0.00€,"2,565.00€",0.00€,0.00€,"2,565.00€",1.375,"2,565.00€",0.00€,0,148.00€,0.00€,"2,713.00€",0.00€,100%,Finished,"2,565.00€","2,565.00€"
1,48,ll,Afwerken CV/WP,Finish CV/WP,1.7.10,47FS,FS50,1/6/17 8:00,1/11/17 17:00,4,1/27/17 8:00,3,1/30/17 8:00,0.00€,"6,352.00€",0.00€,0.00€,"6,352.00€",5.375,"6,352.00€",0.00€,0,0.00€,0.00€,"6,352.00€",0.00€,100%,Finished,"6,352.00€","6,352.00€"
1,49,mm,Leidingen electro,Electrical pipes,1.7.11,45FS,FS30,11/4/16 8:00,11/9/16 17:00,4,11/14/16 8:00,4,11/18/16 8:00,0.00€,"2,594.00€",0.00€,0.00€,"2,594.00€",5.375,"2,594.00€",0.00€,0,-920.00€,0.00€,"1,674.00€",0.00€,100%,Finished,"2,594.00€","2,594.00€"
1,50,nn,Afwerken electro,Finishing electrical,1.7.12,48FS,FS51;FS52;FS53;FS54,1/12/17 8:00,1/18/17 17:00,5,2/1/17 8:00,3,2/4/17 8:00,0.00€,"3,608.00€",0.00€,0.00€,"3,608.00€",6.375,"3,608.00€",0.00€,0,-274.00€,0.00€,"3,334.00€",0.00€,100%,Finished,"3,608.00€","3,608.00€"
1,51,pp,Verlichting,Relief,1.7.13,50FS,FS55,1/19/17 8:00,1/19/17 17:00,1,2/6/17 8:00,1,2/7/17 8:00,0.00€,50.00€,0.00€,0.00€,50.00€,0.375,50.00€,0.00€,0,-20.00€,0.00€,30.00€,0.00€,100%,Finished,50.00€,50.00€
1,52,ad,Programmatie domotica,Home automation programming,1.7.14,50FS,FS55,1/19/17 8:00,1/19/17 17:00,1,2/6/17 8:00,1,2/7/17 8:00,0.00€,600.00€,0.00€,0.00€,600.00€,0.375,600.00€,0.00€,0,6.00€,0.00€,606.00€,0.00€,100%,Finished,600.00€,600.00€
1,53,ae,"Diepsondering, bron en aansluiting","CPT, source and connection",1.7.15,50FS,FS55,1/19/17 8:00,1/31/17 17:00,9,2/6/17 8:00,9,2/15/17 8:00,0.00€,"2,460.00€",0.00€,0.00€,"2,460.00€",12.375,"2,460.00€",0.00€,0,-89.00€,0.00€,"2,371.00€",0.00€,100%,Finished,"2,460.00€","2,460.00€"
1,54,o1,Karweien,chores,1.7.16,50FS,FS55,1/19/17 8:00,1/19/17 17:00,1,2/6/17 8:00,1,2/7/17 8:00,0.00€,160.00€,0.00€,0.00€,160.00€,0.375,160.00€,0.00€,0,2.00€,0.00€,162.00€,0.00€,100%,Finished,160.00€,160.00€
1,55,rr,Opkuis werk (afvoer puin en afval),Cleaning work (disposal of rubble and waste),1.8.1,51FS;52FS;53FS;54FS,,2/1/17 8:00,2/7/17 17:00,5,2/17/17 8:00,6,2/23/17 8:00,0.00€,"1,402.00€",0.00€,0.00€,"1,402.00€",6.375,"1,402.00€",0.00€,0,303.00€,0.00€,"1,705.00€",0.00€,100%,Finished,"1,402.00€","1,402.00€"
2,1,a,Werfinrichting/Werftoiletten,Yard equipment/yard toilets,1.1.1,,FS7,3/8/16 8:00,3/9/16 17:00,2,3/8/16 8:00,3,3/11/16 8:00,0.00€,350.00€,0.00€,0.00€,350.00€,1.375,350.00€,0.00€,0,270.00€,0.00€,620.00€,0.00€,100%,Finished,350.00€,350.00€
2,2,tt,Voorbereiding oplevering,Preparation delivery,1.1.2,,FS7,3/8/16 8:00,3/8/16 17:00,1,3/8/16 8:00,1,3/9/16 8:00,0.00€,187.00€,0.00€,0.00€,187.00€,0.375,187.00€,0.00€,0,0.00€,0.00€,187.00€,0.00€,100%,Finished,187.00€,187.00€
2,3,b,Transportkosten,Transportation costs,1.1.3,,FS7,3/8/16 8:00,3/15/16 17:00,6,3/8/16 8:00,6,3/14/16 8:00,0.00€,"1,725.00€",0.00€,0.00€,"1,725.00€",7.375,"1,725.00€",0.00€,0,24.00€,0.00€,"1,749.00€",0.00€,100%,Finished,"1,725.00€","1,725.00€"
2,4,uu,Magazijn,Stockroom,1.1.4,,FS7,3/8/16 8:00,3/14/16 17:00,5,3/8/16 8:00,5,3/13/16 8:00,0.00€,"1,192.00€",0.00€,0.00€,"1,192.00€",6.375,"1,192.00€",0.00€,0,57.00€,0.00€,"1,249.00€",0.00€,100%,Finished,"1,192.00€","1,192.00€"
2,5,d,Studiekosten projectontwikkelaar,Study costs project developer,1.1.5,,FS7,3/8/16 8:00,3/25/16 17:00,14,3/8/16 8:00,15,3/23/16 8:00,0.00€,"4,128.00€",0.00€,0.00€,"4,128.00€",17.375,"4,128.00€",0.00€,0,839.00€,0.00€,"4,967.00€",0.00€,100%,Finished,"4,128.00€","4,128.00€"
2,6,d1,Studiekosten aannemer,Contractor study costs,1.1.6,,FS7,3/8/16 8:00,4/13/16 17:00,27,3/8/16 8:00,25,4/2/16 8:00,0.00€,"7,886.00€",0.00€,0.00€,"7,886.00€",36.375,"7,886.00€",0.00€,0,-686.00€,0.00€,"7,200.00€",0.00€,100%,Finished,"7,886.00€","7,886.00€"
2,7,e,Funderingen,Foundations,1.2.1,1FS;2FS;3FS;4FS;5FS;6FS,FS8,4/14/16 8:00,5/25/16 17:00,30,4/12/16 8:00,28,5/10/16 8:00,0.00€,"8,767.00€",0.00€,0.00€,"8,767.00€",41.375,"8,767.00€",0.00€,0,503.00€,0.00€,"9,270.00€",0.00€,100%,Finished,"8,767.00€","8,767.00€"
2,8,f,Gewa/Metselwerk,Gewa/Masonry,1.3.1,7FS,FS9;FS10,5/26/16 8:00,6/24/16 17:00,22,5/20/16 8:00,21,6/10/16 8:00,0.00€,"18,103.00€",0.00€,0.00€,"18,103.00€",29.375,"18,103.00€",0.00€,0,96.00€,0.00€,"18,199.00€",0.00€,100%,Finished,"18,103.00€","18,103.00€"
2,9,g,Gewelven/Structuur,Vaults/Structure,1.3.2,8FS,FS11,6/27/16 8:00,6/30/16 17:00,4,6/20/16 8:00,5,6/25/16 8:00,0.00€,"7,328.00€",0.00€,0.00€,"7,328.00€",3.375,"7,328.00€",0.00€,0,31.00€,0.00€,"7,359.00€",0.00€,100%,Finished,"7,328.00€","7,328.00€"
2,10,h,Uitbranden GEWA,Burn out GEWA,1.3.3,8FS,FS11,6/27/16 8:00,6/27/16 17:00,1,6/20/16 8:00,1,6/21/16 8:00,0.00€,479.00€,0.00€,0.00€,479.00€,0.375,479.00€,0.00€,0,-9.00€,0.00€,470.00€,0.00€,100%,Finished,479.00€,479.00€
2,11,i,Isolatie,Insulation,1.3.4,9FS;10FS,FS12,7/1/16 8:00,7/7/16 17:00,5,6/27/16 8:00,5,7/2/16 8:00,0.00€,"4,451.00€",0.00€,0.00€,"4,451.00€",6.375,"4,451.00€",0.00€,0,-11.00€,0.00€,"4,440.00€",0.00€,100%,Finished,"4,451.00€","4,451.00€"
2,12,j,Parament,Parament,1.3.5,11FS,FS13,7/8/16 8:00,8/24/16 17:00,34,7/4/16 8:00,34,8/7/16 8:00,0.00€,"19,722.00€",0.00€,0.00€,"19,722.00€",47.375,"19,722.00€",0.00€,0,169.00€,0.00€,"19,891.00€",0.00€,100%,Finished,"19,722.00€","19,722.00€"
2,13,k,Ytong/Gipswanden,Ytong/Plaster walls,1.3.6,12FS,FS14;FS15,8/25/16 8:00,8/29/16 17:00,3,8/19/16 8:00,3,8/22/16 8:00,0.00€,"2,447.00€",0.00€,0.00€,"2,447.00€",4.375,"2,447.00€",0.00€,0,22.00€,0.00€,"2,469.00€",0.00€,100%,Finished,"2,447.00€","2,447.00€"
2,14,l,Dorpels,Sills,1.3.7,13FS,FS16,8/30/16 8:00,8/31/16 17:00,2,8/24/16 8:00,2,8/26/16 8:00,0.00€,"1,065.00€",0.00€,0.00€,"1,065.00€",1.375,"1,065.00€",0.00€,0,5.00€,0.00€,"1,070.00€",0.00€,100%,Finished,"1,065.00€","1,065.00€"
2,15,m,Voegwerk,Jointing,1.3.8,13FS,FS16,8/30/16 8:00,9/8/16 17:00,8,8/24/16 8:00,8,9/1/16 8:00,0.00€,"2,246.00€",0.00€,0.00€,"2,246.00€",9.375,"2,246.00€",0.00€,0,-171.00€,0.00€,"2,075.00€",0.00€,100%,Finished,"2,246.00€","2,246.00€"
2,16,n,Stelling,Rack,1.3.9,14FS;15FS,FS17,9/9/16 8:00,9/15/16 17:00,5,9/5/16 8:00,4,9/9/16 8:00,0.00€,"1,836.00€",0.00€,0.00€,"1,836.00€",6.375,"1,836.00€",0.00€,0,-57.00€,0.00€,"1,779.00€",0.00€,100%,Finished,"1,836.00€","1,836.00€"
2,17,o,Karweien,chores,1.3.10,16FS,FS18,9/16/16 8:00,9/16/16 17:00,1,9/9/16 8:00,1,9/10/16 8:00,0.00€,293.00€,0.00€,0.00€,293.00€,0.375,293.00€,0.00€,0,0.00€,0.00€,293.00€,0.00€,100%,Finished,293.00€,293.00€
2,18,p,Daktimmer traditioneel/prefabkap,Roof carpenter traditional/prefab roof,1.4.1,17FS,FS19,9/19/16 8:00,10/14/16 17:00,20,9/19/16 8:00,20,10/9/16 8:00,0.00€,"11,226.00€",0.00€,0.00€,"11,226.00€",25.375,"11,226.00€",0.00€,0,0.00€,0.00€,"11,226.00€",0.00€,100%,Finished,"11,226.00€","11,226.00€"
2,19,q,Dakdekken,Roof decks,1.4.2,18FS,FS20;FS21,10/17/16 8:00,10/21/16 17:00,5,10/10/16 8:00,4,10/14/16 8:00,0.00€,"2,752.00€",0.00€,0.00€,"2,752.00€",4.375,"2,752.00€",0.00€,0,-52.00€,0.00€,"2,700.00€",0.00€,100%,Finished,"2,752.00€","2,752.00€"
2,20,r,Goten en afleiders,Gutters and diverters,1.4.3,19FS,FS22;FS23;FS24,10/24/16 8:00,10/25/16 17:00,2,10/14/16 8:00,2,10/16/16 8:00,0.00€,321.00€,0.00€,0.00€,321.00€,1.375,321.00€,0.00€,0,0.00€,0.00€,321.00€,0.00€,100%,Finished,321.00€,321.00€
2,21,qq,Zonnepanelen,Solar panels,1.4.4,19FS,,10/24/16 8:00,10/24/16 17:00,1,10/14/16 8:00,1,10/15/16 8:00,0.00€,422.00€,0.00€,0.00€,422.00€,0.375,422.00€,0.00€,0,-3.00€,0.00€,419.00€,0.00€,100%,Finished,422.00€,422.00€
2,22,vv,Afdichting/groendaken/plat dak,Waterproofing/green roofs/flat roof,1.4.5,20FS,FS25,10/26/16 8:00,11/2/16 17:00,6,10/18/16 8:00,3,10/21/16 8:00,0.00€,"2,677.00€",0.00€,0.00€,"2,677.00€",7.375,"2,677.00€",0.00€,0,-837.00€,0.00€,"1,840.00€",0.00€,100%,Finished,"2,677.00€","2,677.00€"
2,23,t,Dakvlakramen,Roof plane windows,1.4.6,20FS,,10/26/16 8:00,11/7/16 17:00,9,10/18/16 8:00,9,10/27/16 8:00,0.00€,"4,783.00€",0.00€,0.00€,"4,783.00€",12.375,"4,783.00€",0.00€,0,16.00€,0.00€,"4,799.00€",0.00€,100%,Finished,"4,783.00€","4,783.00€"
2,24,af,Karwei dakwerk,Job roofing,1.4.7,20FS,,10/26/16 8:00,11/2/16 17:00,6,10/18/16 8:00,6,10/24/16 8:00,0.00€,"1,671.00€",0.00€,0.00€,"1,671.00€",7.375,"1,671.00€",0.00€,0,0.00€,0.00€,"1,671.00€",0.00€,100%,Finished,"1,671.00€","1,671.00€"
2,25,ww,Kader buitenschrijnwerk Wachtbuizen,Exterior carpentry frame Waiting tubes,1.5.1,22FS,FS26,11/3/16 8:00,11/3/16 17:00,1,10/21/16 8:00,1,10/22/16 8:00,0.00€,118.00€,0.00€,0.00€,118.00€,0.375,118.00€,0.00€,0,0.00€,0.00€,118.00€,0.00€,100%,Finished,118.00€,118.00€
2,26,u,Buitenschrijnwerk plaatsen,Install exterior joinery,1.5.2,25FS,FS27;FS28;FS29;FS30;FS40;FS41,11/4/16 8:00,11/15/16 17:00,8,10/24/16 8:00,8,11/1/16 8:00,0.00€,"2,256.00€",0.00€,0.00€,"2,256.00€",11.375,"2,256.00€",0.00€,0,-7.00€,0.00€,"2,249.00€",0.00€,100%,Finished,"2,256.00€","2,256.00€"
2,27,xx,Elastische voegen,Elastic joints,1.5.3,26FS,,11/16/16 8:00,11/16/16 17:00,1,11/4/16 8:00,1,11/5/16 8:00,0.00€,50.00€,0.00€,0.00€,50.00€,0.375,50.00€,0.00€,0,5.00€,0.00€,55.00€,0.00€,100%,Finished,50.00€,50.00€
2,28,yy,Ballustrades/Trapleuningen,Balustrades/Stair railings,1.5.4,26FS,,11/16/16 8:00,11/18/16 17:00,3,11/4/16 8:00,3,11/7/16 8:00,0.00€,710.00€,0.00€,0.00€,710.00€,2.375,710.00€,0.00€,0,-10.00€,0.00€,700.00€,0.00€,100%,Finished,710.00€,710.00€
2,29,zz,Poort,Gate,1.5.5,26FS,,11/16/16 8:00,11/18/16 17:00,3,11/4/16 8:00,3,11/7/16 8:00,0.00€,900.00€,0.00€,0.00€,900.00€,2.375,900.00€,0.00€,0,-110.00€,0.00€,790.00€,0.00€,100%,Finished,900.00€,900.00€
2,30,ag,Karwei binnenschrijnwerk,Job interior joinery,1.5.6,26FS,,11/16/16 8:00,11/16/16 17:00,1,11/4/16 8:00,1,11/5/16 8:00,0.00€,250.00€,0.00€,0.00€,250.00€,0.375,250.00€,0.00€,0,0.00€,0.00€,250.00€,0.00€,100%,Finished,250.00€,250.00€
2,31,v,Plakwerken,pasting,1.6.1,50FS,FS32,12/19/16 8:00,12/30/16 17:00,10,12/14/16 8:00,12,12/26/16 8:00,0.00€,"8,700.00€",0.00€,0.00€,"8,700.00€",11.375,"8,700.00€",0.00€,0,780.00€,0.00€,"9,480.00€",0.00€,100%,Finished,"8,700.00€","8,700.00€"
2,32,w,Chapes,Chaps,1.6.2,31FS,FS43,1/2/17 8:00,1/17/17 17:00,12,12/30/16 8:00,14,1/13/17 8:00,0.00€,"4,025.00€",0.00€,0.00€,"4,025.00€",15.375,"4,025.00€",0.00€,0,"1,104.00€",0.00€,"5,129.00€",0.00€,100%,Finished,"4,025.00€","4,025.00€"
2,33,if,Vloerisolatie,Floor insulation,1.6.3,43FS,FS34,1/19/17 8:00,1/20/17 17:00,2,1/20/17 8:00,2,1/22/17 8:00,0.00€,"2,245.00€",0.00€,0.00€,"2,245.00€",1.375,"2,245.00€",0.00€,0,-244.00€,0.00€,"2,001.00€",0.00€,100%,Finished,"2,245.00€","2,245.00€"
2,34,x,Tegelwerken,Tile works,1.6.4,33FS,FS35;FS36;FS37;FS38;FS39;FS47,1/23/17 8:00,2/20/17 17:00,21,1/24/17 8:00,22,2/15/17 8:00,0.00€,"8,951.00€",0.00€,0.00€,"8,951.00€",28.375,"8,951.00€",0.00€,0,-219.00€,0.00€,"8,732.00€",0.00€,100%,Finished,"8,951.00€","8,951.00€"
2,35,z,Buisbek/Zoldluik/Platen zold/Stijl,Tube Beak/Slat Hatch/Plates Attic/Style,1.6.5,34FS,,2/21/17 8:00,2/23/17 17:00,3,2/23/17 8:00,3,2/26/17 8:00,0.00€,600.00€,0.00€,0.00€,600.00€,2.375,600.00€,0.00€,0,26.00€,0.00€,626.00€,0.00€,100%,Finished,600.00€,600.00€
2,36,aa,Binnendeuren/uitbekledingen,Interior doors/coverings,1.6.6,34FS,,2/21/17 8:00,2/27/17 17:00,5,2/23/17 8:00,6,3/1/17 8:00,0.00€,"1,269.00€",0.00€,0.00€,"1,269.00€",6.375,"1,269.00€",0.00€,0,308.00€,0.00€,"1,577.00€",0.00€,100%,Finished,"1,269.00€","1,269.00€"
2,37,bb,Trap,Trap,1.6.7,34FS,,2/21/17 8:00,3/2/17 17:00,8,2/23/17 8:00,8,3/3/17 8:00,0.00€,"2,312.00€",0.00€,0.00€,"2,312.00€",9.375,"2,312.00€",0.00€,0,38.00€,0.00€,"2,350.00€",0.00€,100%,Finished,"2,312.00€","2,312.00€"
2,38,cc,Luchtdichten,airtight,1.6.8,34FS,,2/21/17 8:00,2/22/17 17:00,2,2/23/17 8:00,2,2/25/17 8:00,0.00€,549.00€,0.00€,0.00€,549.00€,1.375,549.00€,0.00€,0,0.00€,0.00€,549.00€,0.00€,100%,Finished,549.00€,549.00€
2,39,ab,"Keuken (laminaat, kasten)","Kitchen (laminate, cabinets)",1.6.9,34FS,,2/21/17 8:00,3/6/17 17:00,10,2/23/17 8:00,10,3/5/17 8:00,0.00€,"14,493.00€",0.00€,0.00€,"14,493.00€",13.375,"14,493.00€",0.00€,0,0.00€,0.00€,"14,493.00€",0.00€,100%,Finished,"14,493.00€","14,493.00€"
2,40,dd,UZL,UZL,1.7.1,26FS,FS42,11/16/16 8:00,11/18/16 17:00,3,11/4/16 8:00,3,11/7/16 8:00,0.00€,888.00€,0.00€,0.00€,888.00€,2.375,888.00€,0.00€,0,12.00€,0.00€,900.00€,0.00€,100%,Finished,888.00€,888.00€
2,41,ee,Betonplexplaten,Concrete plywood plates,1.7.2,26FS,FS42,11/16/16 8:00,11/18/16 17:00,3,11/4/16 8:00,2,11/6/16 8:00,0.00€,625.00€,0.00€,0.00€,625.00€,2.375,625.00€,0.00€,0,-330.00€,0.00€,295.00€,0.00€,100%,Finished,625.00€,625.00€
2,42,ff,Slijpen technieken/boringen,Grinding techniques/drilling,1.7.3,40FS;41FS,FS44,11/21/16 8:00,11/25/16 17:00,5,11/8/16 8:00,5,11/13/16 8:00,0.00€,"1,300.00€",0.00€,0.00€,"1,300.00€",4.375,"1,300.00€",0.00€,0,150.00€,0.00€,"1,450.00€",0.00€,100%,Finished,"1,300.00€","1,300.00€"
2,43,gg,Bad en douche,Bath and shower,1.7.4,32FS,FS33,1/18/17 8:00,1/18/17 17:00,1,1/19/17 8:00,1,1/20/17 8:00,0.00€,"1,152.00€",0.00€,0.00€,"1,152.00€",0.375,"1,152.00€",0.00€,0,-152.00€,0.00€,"1,000.00€",0.00€,100%,Finished,"1,152.00€","1,152.00€"
2,44,hh,Leidingen ventilatie,Ventilation pipes,1.7.5,42FS,FS45,11/28/16 8:00,11/30/16 17:00,3,11/15/16 8:00,5,11/20/16 8:00,0.00€,"1,926.00€",0.00€,0.00€,"1,926.00€",2.375,"1,926.00€",0.00€,0,"1,761.00€",0.00€,"3,687.00€",0.00€,100%,Finished,"1,926.00€","1,926.00€"
2,45,ii,Leidingen san/WP/CV,San/WP/CV pipes,1.7.6,44FS,FS46,12/1/16 8:00,12/6/16 17:00,4,11/22/16 8:00,7,11/29/16 8:00,0.00€,"2,481.00€",0.00€,0.00€,"2,481.00€",5.375,"2,481.00€",0.00€,0,934.00€,0.00€,"3,415.00€",0.00€,100%,Finished,"2,481.00€","2,481.00€"
2,46,ac,Leidingen vloerverwarming,Underfloor heating pipes,1.7.7,45FS,FS50,12/7/16 8:00,12/12/16 17:00,4,12/1/16 8:00,5,12/6/16 8:00,0.00€,"2,557.00€",0.00€,0.00€,"2,557.00€",5.375,"2,557.00€",0.00€,0,862.00€,0.00€,"3,419.00€",0.00€,100%,Finished,"2,557.00€","2,557.00€"
2,47,jj,Afwerken ventilatie,Finish ventilation,1.7.8,34FS,FS48,2/21/17 8:00,2/22/17 17:00,2,2/23/17 8:00,2,2/25/17 8:00,0.00€,"1,899.00€",0.00€,0.00€,"1,899.00€",1.375,"1,899.00€",0.00€,0,0.00€,0.00€,"1,899.00€",0.00€,100%,Finished,"1,899.00€","1,899.00€"
2,48,kk,Afwerken sanitair,Finish sanitary,1.7.9,47FS,FS49,2/23/17 8:00,2/24/17 17:00,2,2/27/17 8:00,2,3/1/17 8:00,0.00€,"2,565.00€",0.00€,0.00€,"2,565.00€",1.375,"2,565.00€",0.00€,0,130.00€,0.00€,"2,695.00€",0.00€,100%,Finished,"2,565.00€","2,565.00€"
2,49,ll,Afwerken CV/WP,Finish CV/WP,1.7.10,48FS,FS51,2/27/17 8:00,3/2/17 17:00,4,3/1/17 8:00,3,3/4/17 8:00,0.00€,"6,352.00€",0.00€,0.00€,"6,352.00€",3.375,"6,352.00€",0.00€,0,"-1,446.00€",0.00€,"4,906.00€",0.00€,100%,Finished,"6,352.00€","6,352.00€"
2,50,mm,Leidingen electro,Electrical pipes,1.7.11,46FS,FS31,12/13/16 8:00,12/16/16 17:00,4,12/8/16 8:00,4,12/12/16 8:00,0.00€,"2,594.00€",0.00€,0.00€,"2,594.00€",3.375,"2,594.00€",0.00€,0,6.00€,0.00€,"2,600.00€",0.00€,100%,Finished,"2,594.00€","2,594.00€"
2,51,nn,Afwerken electro,Finishing electrical,1.7.12,49FS,FS52;FS53;FS54,3/3/17 8:00,3/9/17 17:00,5,3/6/17 8:00,4,3/10/17 8:00,0.00€,"3,608.00€",0.00€,0.00€,"3,608.00€",6.375,"3,608.00€",0.00€,0,-486.00€,0.00€,"3,122.00€",0.00€,100%,Finished,"3,608.00€","3,608.00€"
2,52,pp,Verlichting,Relief,1.7.13,51FS,FS55;FS56;FS59,3/10/17 8:00,3/13/17 17:00,2,3/10/17 8:00,2,3/12/17 8:00,0.00€,"6,653.00€",0.00€,0.00€,"6,653.00€",3.375,"6,653.00€",0.00€,0,-29.00€,0.00€,"6,624.00€",0.00€,100%,Finished,"6,653.00€","6,653.00€"
2,53,ae,"Diepsondering, bron en aansluiting","CPT, source and connection",1.7.14,51FS,FS55;FS56;FS59,3/10/17 8:00,3/14/17 17:00,3,3/10/17 8:00,3,3/13/17 8:00,0.00€,"2,460.00€",0.00€,0.00€,"2,460.00€",4.375,"2,460.00€",0.00€,0,138.00€,0.00€,"2,598.00€",0.00€,100%,Finished,"2,460.00€","2,460.00€"
2,54,o1,Karweien,chores,1.7.15,51FS,FS55;FS56;FS59,3/10/17 8:00,3/13/17 17:00,2,3/10/17 8:00,2,3/12/17 8:00,0.00€,480.00€,0.00€,0.00€,480.00€,3.375,480.00€,0.00€,0,0.00€,0.00€,480.00€,0.00€,100%,Finished,480.00€,480.00€
2,55,rr,Opkuis werf (afvoer puin & afval),Site clean-up (disposal of rubble & waste),1.8.1,52FS;53FS;54FS,FS57;FS58,3/15/17 8:00,3/21/17 17:00,5,3/15/17 8:00,5,3/20/17 8:00,0.00€,"1,400.00€",0.00€,0.00€,"1,400.00€",6.375,"1,400.00€",0.00€,0,0.00€,0.00€,"1,400.00€",0.00€,100%,Finished,"1,400.00€","1,400.00€"
2,56,ah,Grondafvoer,Soil drainage,1.8.2,52FS;53FS;54FS,FS57;FS58,3/15/17 8:00,3/15/17 17:00,1,3/15/17 8:00,1,3/16/17 8:00,0.00€,280.00€,0.00€,0.00€,280.00€,0.375,280.00€,0.00€,0,0.00€,0.00€,280.00€,0.00€,100%,Finished,280.00€,280.00€
2,57,ai,Opritten en terassen,Driveways and terraces,1.8.3,55FS;56FS,,3/22/17 8:00,4/18/17 17:00,20,3/22/17 8:00,20,4/11/17 8:00,0.00€,"6,995.00€",0.00€,0.00€,"6,995.00€",27.375,"6,995.00€",0.00€,0,0.00€,0.00€,"6,995.00€",0.00€,100%,Finished,"6,995.00€","6,995.00€"
2,58,aj,Tuinaanleg,Garden landscaping,1.8.4,55FS;56FS,,3/22/17 8:00,4/18/17 17:00,20,3/22/17 8:00,20,4/11/17 8:00,0.00€,"7,158.00€",0.00€,0.00€,"7,158.00€",27.375,"7,158.00€",0.00€,0,0.00€,0.00€,"7,158.00€",0.00€,100%,Finished,"7,158.00€","7,158.00€"
2,59,ak,Schilderwerken,Painting works,1.9.1,52FS;53FS;54FS,,3/15/17 8:00,4/18/17 17:00,25,3/15/17 8:00,25,4/9/17 8:00,0.00€,"16,000.00€",0.00€,0.00€,"16,000.00€",34.375,"16,000.00€",0.00€,0,0.00€,0.00€,"16,000.00€",0.00€,100%,Finished,"16,000.00€","16,000.00€"
3,1,a,Werfinrichting/Werftoiletten,Yard equipment/yard toilets,1.1.1,,FS5,3/8/16 8:00,3/14/16 17:00,5,3/8/16 8:00,5,3/13/16 8:00,0.00€,"29,347.00€",0.00€,0.00€,"29,347.00€",6.375,"29,347.00€",0.00€,0,7.00€,0.00€,"29,354.00€",0.00€,100%,Finished,"29,347.00€","29,347.00€"
3,2,tt,Voorbereiding oplevering,Preparation delivery,1.1.2,,FS5,3/8/16 8:00,3/9/16 17:00,2,3/8/16 8:00,3,3/11/16 8:00,0.00€,450.00€,0.00€,0.00€,450.00€,1.375,450.00€,0.00€,0,378.00€,0.00€,828.00€,0.00€,100%,Finished,450.00€,450.00€
3,3,d,Studiekosten projectontwikkelaar,Study costs project developer,1.1.3,,FS5,3/8/16 8:00,3/18/16 17:00,9,3/8/16 8:00,13,3/21/16 8:00,0.00€,"2,517.00€",0.00€,0.00€,"2,517.00€",10.375,"2,517.00€",0.00€,0,"1,675.00€",0.00€,"4,192.00€",0.00€,100%,Finished,"2,517.00€","2,517.00€"
3,4,al,Passief,passive,1.1.4,,FS5,3/8/16 8:00,3/17/16 17:00,8,3/8/16 8:00,3,3/11/16 8:00,0.00€,"2,202.00€",0.00€,0.00€,"2,202.00€",9.375,"2,202.00€",0.00€,0,"-1,402.00€",0.00€,800.00€,0.00€,100%,Finished,"2,202.00€","2,202.00€"
3,5,e,Funderingen,Foundations,1.2.1,1FS;2FS;3FS;4FS,FS6,3/21/16 8:00,4/26/16 17:00,27,3/25/16 8:00,32,4/26/16 8:00,0.00€,"12,709.00€",0.00€,0.00€,"12,709.00€",36.375,"12,709.00€",0.00€,0,"1,822.00€",0.00€,"14,531.00€",0.00€,100%,Finished,"12,709.00€","12,709.00€"
3,6,f,GEWA/Metselwerken,GEWA/Masonry,1.3.1,5FS,FS7;FS8,4/27/16 8:00,5/24/16 17:00,20,5/10/16 8:00,17,5/27/16 8:00,0.00€,"17,864.00€",0.00€,0.00€,"17,864.00€",27.375,"17,864.00€",0.00€,0,"-5,192.00€",0.00€,"12,672.00€",0.00€,100%,Finished,"17,864.00€","17,864.00€"
3,7,g,Gewelven/Structuur,Vaults/Structure,1.3.2,6FS,FS9,5/25/16 8:00,6/16/16 17:00,17,6/2/16 8:00,16,6/18/16 8:00,0.00€,"15,388.00€",0.00€,0.00€,"15,388.00€",22.375,"15,388.00€",0.00€,0,"-2,976.00€",0.00€,"12,412.00€",0.00€,100%,Finished,"15,388.00€","15,388.00€"
3,8,h,Uitbranden GEWA,Burn out GEWA,1.3.3,6FS,FS9,5/25/16 8:00,5/26/16 17:00,2,6/2/16 8:00,2,6/4/16 8:00,0.00€,562.00€,0.00€,0.00€,562.00€,1.375,562.00€,0.00€,0,-262.00€,0.00€,300.00€,0.00€,100%,Finished,562.00€,562.00€
3,9,i,Isolatie,Insulation,1.3.4,7FS;8FS,FS10,6/17/16 8:00,7/1/16 17:00,11,6/24/16 8:00,9,7/3/16 8:00,0.00€,"10,384.00€",0.00€,0.00€,"10,384.00€",14.375,"10,384.00€",0.00€,0,"-1,829.00€",0.00€,"8,555.00€",0.00€,100%,Finished,"10,384.00€","10,384.00€"
3,10,j,Parament,Parament,1.3.5,9FS,FS11,7/4/16 8:00,8/29/16 17:00,41,7/7/16 8:00,49,8/25/16 8:00,0.00€,"37,120.00€",0.00€,0.00€,"37,120.00€",56.375,"37,120.00€",0.00€,0,"-1,023.00€",0.00€,"36,097.00€",0.00€,100%,Finished,"37,120.00€","37,120.00€"
3,11,k,Ytong/Gipswanden,Ytong/Plaster walls,1.3.6,10FS,FS12;FS13,8/30/16 8:00,9/1/16 17:00,3,9/14/16 8:00,3,9/17/16 8:00,0.00€,"2,517.00€",0.00€,0.00€,"2,517.00€",2.375,"2,517.00€",0.00€,0,-17.00€,0.00€,"2,500.00€",0.00€,100%,Finished,"2,517.00€","2,517.00€"
3,12,l,Dorpels,Sills,1.3.7,11FS,FS14,9/2/16 8:00,9/7/16 17:00,4,9/19/16 8:00,6,9/25/16 8:00,0.00€,"3,081.00€",0.00€,0.00€,"3,081.00€",5.375,"3,081.00€",0.00€,0,"4,237.00€",0.00€,"7,318.00€",0.00€,100%,Finished,"3,081.00€","3,081.00€"
3,13,m,Voegwerk,Jointing,1.3.8,11FS,FS14,9/2/16 8:00,9/16/16 17:00,11,9/19/16 8:00,11,9/30/16 8:00,0.00€,"3,082.00€",0.00€,0.00€,"3,082.00€",14.375,"3,082.00€",0.00€,0,93.00€,0.00€,"3,175.00€",0.00€,100%,Finished,"3,082.00€","3,082.00€"
3,14,n,Stelling,Rack,1.3.9,12FS;13FS,FS15,9/19/16 8:00,9/27/16 17:00,7,10/4/16 8:00,5,10/9/16 8:00,0.00€,"2,815.00€",0.00€,0.00€,"2,815.00€",8.375,"2,815.00€",0.00€,0,"-1,621.00€",0.00€,"1,194.00€",0.00€,100%,Finished,"2,815.00€","2,815.00€"
3,15,o,Karweien,chores,1.3.10,14FS,FS16,9/28/16 8:00,9/28/16 17:00,1,10/11/16 8:00,1,10/12/16 8:00,0.00€,200.00€,0.00€,0.00€,200.00€,0.375,200.00€,0.00€,0,345.00€,0.00€,545.00€,0.00€,100%,Finished,200.00€,200.00€
3,16,p,Daktimmer traditioneel/prefabkap,Roof carpenter traditional/prefab roof,1.4.1,15FS,FS17,9/29/16 8:00,11/21/16 17:00,38,10/12/16 8:00,35,11/16/16 8:00,0.00€,"38,651.00€",0.00€,0.00€,"38,651.00€",53.375,"38,651.00€",0.00€,0,"-1,663.00€",0.00€,"36,988.00€",0.00€,100%,Finished,"38,651.00€","38,651.00€"
3,17,q,Dakdekken,Roof decks,1.4.2,16FS,FS18,11/22/16 8:00,12/2/16 17:00,9,11/30/16 8:00,14,12/14/16 8:00,0.00€,"5,171.00€",0.00€,0.00€,"5,171.00€",10.375,"5,171.00€",0.00€,0,"1,815.00€",0.00€,"6,986.00€",0.00€,100%,Finished,"5,171.00€","5,171.00€"
3,18,r,Goten & afleiders,Gutters & diverters,1.4.3,17FS,FS19,12/5/16 8:00,12/7/16 17:00,3,12/20/16 8:00,7,12/27/16 8:00,0.00€,"1,217.00€",0.00€,0.00€,"1,217.00€",2.375,"1,217.00€",0.00€,0,"2,207.00€",0.00€,"3,424.00€",0.00€,100%,Finished,"1,217.00€","1,217.00€"
3,19,ww,Kader buitenschrijnwerk / Wachtbuizen,Exterior carpentry frame / Waiting tubes,1.5.1,18FS,FS20,12/8/16 8:00,12/9/16 17:00,2,12/29/16 8:00,1,12/30/16 8:00,0.00€,"1,895.00€",0.00€,0.00€,"1,895.00€",1.375,"1,895.00€",0.00€,0,"-1,651.00€",0.00€,244.00€,0.00€,100%,Finished,"1,895.00€","1,895.00€"
3,20,u,Buitenschrijnwerk plaatsen,Install exterior joinery,1.5.2,19FS,FS21;FS22;FS23;FS33;FS34,12/12/16 8:00,12/22/16 17:00,9,12/30/16 8:00,12,1/11/17 8:00,0.00€,"18,502.00€",0.00€,0.00€,"18,502.00€",10.375,"18,502.00€",0.00€,0,"3,344.00€",0.00€,"21,846.00€",0.00€,100%,Finished,"18,502.00€","18,502.00€"
3,21,xx,Elastische voegen,Elastic joints,1.5.3,20FS,,12/23/16 8:00,12/27/16 17:00,3,1/17/17 8:00,2,1/19/17 8:00,0.00€,657.00€,0.00€,0.00€,657.00€,4.375,657.00€,0.00€,0,-190.00€,0.00€,467.00€,0.00€,100%,Finished,657.00€,657.00€
3,22,zz,Poort,Gate,1.5.4,20FS,,12/23/16 8:00,12/28/16 17:00,4,1/17/17 8:00,5,1/22/17 8:00,0.00€,"3,650.00€",0.00€,0.00€,"3,650.00€",5.375,"3,650.00€",0.00€,0,957.00€,0.00€,"4,607.00€",0.00€,100%,Finished,"3,650.00€","3,650.00€"
3,23,am,Karwei buitenschrijnwerk,Job exterior joinery,1.5.5,20FS,,12/23/16 8:00,12/27/16 17:00,3,1/17/17 8:00,3,1/20/17 8:00,0.00€,900.00€,0.00€,0.00€,900.00€,4.375,900.00€,0.00€,0,-20.00€,0.00€,880.00€,0.00€,100%,Finished,900.00€,900.00€
3,24,v,Plakwerken,pasting,1.6.1,43FS,FS25,1/27/17 8:00,2/13/17 17:00,12,2/20/17 8:00,15,3/7/17 8:00,0.00€,"10,564.00€",0.00€,0.00€,"10,564.00€",17.375,"10,564.00€",0.00€,0,"3,832.00€",0.00€,"14,396.00€",0.00€,100%,Finished,"10,564.00€","10,564.00€"
3,25,w,Chapes,Chaps,1.6.2,24FS,FS36,2/14/17 8:00,2/20/17 17:00,5,3/13/17 8:00,10,3/23/17 8:00,0.00€,"6,259.00€",0.00€,0.00€,"6,259.00€",6.375,"6,259.00€",0.00€,0,"2,067.00€",0.00€,"8,326.00€",0.00€,100%,Finished,"6,259.00€","6,259.00€"
3,26,if,Vloerisolatie,Floor insulation,1.6.3,36FS,FS27,2/22/17 8:00,3/1/17 17:00,6,3/22/17 8:00,5,3/27/17 8:00,0.00€,"5,374.00€",0.00€,0.00€,"5,374.00€",7.375,"5,374.00€",0.00€,0,"-1,120.00€",0.00€,"4,254.00€",0.00€,100%,Finished,"5,374.00€","5,374.00€"
3,27,x,Tegelwerken,Tile works,1.6.4,26FS,FS28;FS29;FS30;FS31;FS32;FS40,3/2/17 8:00,3/22/17 17:00,15,3/29/17 8:00,15,4/13/17 8:00,0.00€,"17,507.00€",0.00€,0.00€,"17,507.00€",20.375,"17,507.00€",0.00€,0,-563.00€,0.00€,"16,944.00€",0.00€,100%,Finished,"17,507.00€","17,507.00€"
3,28,z,Buisbek/Zoldluik/Platen zold/Stijl,Tube Beak/Slat Hatch/Plates Attic/Style,1.6.5,27FS,,3/23/17 8:00,3/27/17 17:00,3,4/19/17 8:00,2,4/21/17 8:00,0.00€,625.00€,0.00€,0.00€,625.00€,4.375,625.00€,0.00€,0,32.00€,0.00€,657.00€,0.00€,100%,Finished,625.00€,625.00€
3,29,aa,Binnendeuren/Uitbekledingen,Interior doors/Clinings,1.6.6,27FS,,3/23/17 8:00,3/29/17 17:00,5,4/19/17 8:00,5,4/24/17 8:00,0.00€,"8,030.00€",0.00€,0.00€,"8,030.00€",6.375,"8,030.00€",0.00€,0,0.00€,0.00€,"8,030.00€",0.00€,100%,Finished,"8,030.00€","8,030.00€"
3,30,bb,Trap,Trap,1.6.7,27FS,,3/23/17 8:00,3/27/17 17:00,3,4/19/17 8:00,3,4/22/17 8:00,0.00€,"6,700.00€",0.00€,0.00€,"6,700.00€",4.375,"6,700.00€",0.00€,0,-624.00€,0.00€,"6,076.00€",0.00€,100%,Finished,"6,700.00€","6,700.00€"
3,31,cc,Luchtdichten,airtight,1.6.8,27FS,,3/23/17 8:00,4/4/17 17:00,9,4/19/17 8:00,7,4/26/17 8:00,0.00€,"2,849.00€",0.00€,0.00€,"2,849.00€",12.375,"2,849.00€",0.00€,0,-55.00€,0.00€,"2,794.00€",0.00€,100%,Finished,"2,849.00€","2,849.00€"
3,32,an,Karweiploeg,Chore crew,1.6.9,27FS,,3/23/17 8:00,3/24/17 17:00,2,4/19/17 8:00,2,4/21/17 8:00,0.00€,400.00€,0.00€,0.00€,400.00€,1.375,400.00€,0.00€,0,-21.00€,0.00€,379.00€,0.00€,100%,Finished,400.00€,400.00€
3,33,dd,UZL,UZL,1.7.1,20FS,FS35,12/23/16 8:00,12/27/16 17:00,3,1/17/17 8:00,4,1/21/17 8:00,0.00€,846.00€,0.00€,0.00€,846.00€,4.375,846.00€,0.00€,0,446.00€,0.00€,"1,292.00€",0.00€,100%,Finished,846.00€,846.00€
3,34,ee,Betonplexplaten,Concrete plywood plates,1.7.2,20FS,FS35,12/23/16 8:00,12/26/16 17:00,2,1/17/17 8:00,2,1/19/17 8:00,0.00€,300.00€,0.00€,0.00€,300.00€,3.375,300.00€,0.00€,0,1.00€,0.00€,301.00€,0.00€,100%,Finished,300.00€,300.00€
3,35,ff,Slijpen technieken/boringen,Grinding techniques/drilling,1.7.3,33FS;34FS,FS37,12/28/16 8:00,1/3/17 17:00,5,1/23/17 8:00,5,1/28/17 8:00,0.00€,"6,473.00€",0.00€,0.00€,"6,473.00€",6.375,"6,473.00€",0.00€,0,261.00€,0.00€,"6,734.00€",0.00€,100%,Finished,"6,473.00€","6,473.00€"
3,36,gg,Bad en douche,Bath and shower,1.7.4,25FS,FS26,2/21/17 8:00,2/21/17 17:00,1,3/20/17 8:00,2,3/22/17 8:00,0.00€,342.00€,0.00€,0.00€,342.00€,0.375,342.00€,0.00€,0,52.00€,0.00€,394.00€,0.00€,100%,Finished,342.00€,342.00€
3,37,hh,Leidingen ventilatie,Ventilation pipes,1.7.5,35FS,FS38,1/4/17 8:00,1/6/17 17:00,3,1/30/17 8:00,2,2/1/17 8:00,0.00€,"1,927.00€",0.00€,0.00€,"1,927.00€",2.375,"1,927.00€",0.00€,0,-114.00€,0.00€,"1,813.00€",0.00€,100%,Finished,"1,927.00€","1,927.00€"
3,38,ii,Leidingen san/WP/CV,San/WP/CV pipes,1.7.6,37FS,FS39,1/9/17 8:00,1/12/17 17:00,4,2/1/17 8:00,4,2/5/17 8:00,0.00€,"2,454.00€",0.00€,0.00€,"2,454.00€",3.375,"2,454.00€",0.00€,0,372.00€,0.00€,"2,826.00€",0.00€,100%,Finished,"2,454.00€","2,454.00€"
3,39,ac,Leidingen vloerverwarming,Underfloor heating pipes,1.7.7,38FS,FS43,1/13/17 8:00,1/20/17 17:00,6,2/7/17 8:00,5,2/12/17 8:00,0.00€,"5,467.00€",0.00€,0.00€,"5,467.00€",7.375,"5,467.00€",0.00€,0,-934.00€,0.00€,"4,533.00€",0.00€,100%,Finished,"5,467.00€","5,467.00€"
3,40,jj,Afwerken ventilatie,Finish ventilation,1.7.8,27FS,FS41,3/23/17 8:00,3/24/17 17:00,2,4/19/17 8:00,1,4/20/17 8:00,0.00€,"1,887.00€",0.00€,0.00€,"1,887.00€",1.375,"1,887.00€",0.00€,0,60.00€,0.00€,"1,947.00€",0.00€,100%,Finished,"1,887.00€","1,887.00€"
3,41,kk,Afwerken sanitair,Finish sanitary,1.7.9,40FS,FS42,3/27/17 8:00,3/29/17 17:00,3,4/20/17 8:00,4,4/24/17 8:00,0.00€,"3,539.00€",0.00€,0.00€,"3,539.00€",2.375,"3,539.00€",0.00€,0,686.00€,0.00€,"4,225.00€",0.00€,100%,Finished,"3,539.00€","3,539.00€"
3,42,ll,Afwerken CV/WP,Finish CV/WP,1.7.10,41FS,FS44,3/30/17 8:00,4/4/17 17:00,4,4/26/17 8:00,5,5/1/17 8:00,0.00€,"5,752.00€",0.00€,0.00€,"5,752.00€",5.375,"5,752.00€",0.00€,0,"3,970.00€",0.00€,"9,722.00€",0.00€,100%,Finished,"5,752.00€","5,752.00€"
3,43,mm,Leidingen electro,Electrical pipes,1.7.11,39FS,FS24,1/23/17 8:00,1/26/17 17:00,4,2/14/17 8:00,4,2/18/17 8:00,0.00€,"2,737.00€",0.00€,0.00€,"2,737.00€",3.375,"2,737.00€",0.00€,0,-198.00€,0.00€,"2,539.00€",0.00€,100%,Finished,"2,737.00€","2,737.00€"
3,44,nn,Afwerken electro,Finishing electrical,1.7.12,42FS,FS45;FS46;FS47,4/5/17 8:00,4/11/17 17:00,5,5/3/17 8:00,8,5/11/17 8:00,0.00€,"4,986.00€",0.00€,0.00€,"4,986.00€",6.375,"4,986.00€",0.00€,0,"3,896.00€",0.00€,"8,882.00€",0.00€,100%,Finished,"4,986.00€","4,986.00€"
3,45,pp,Verlichting,Relief,1.7.13,44FS,FS48;FS50;FS51,4/12/17 8:00,4/13/17 17:00,2,5/15/17 8:00,2,5/17/17 8:00,0.00€,"1,500.00€",0.00€,0.00€,"1,500.00€",1.375,"1,500.00€",0.00€,0,16.00€,0.00€,"1,516.00€",0.00€,100%,Finished,"1,500.00€","1,500.00€"
3,46,ae,"Diepsondering, bron en aansluiting","CPT, source and connection",1.7.14,44FS,FS48;FS50;FS51,4/12/17 8:00,4/18/17 17:00,5,5/15/17 8:00,5,5/20/17 8:00,0.00€,"4,905.00€",0.00€,0.00€,"4,905.00€",6.375,"4,905.00€",0.00€,0,-405.00€,0.00€,"4,500.00€",0.00€,100%,Finished,"4,905.00€","4,905.00€"
3,47,o1,Karweien,chores,1.7.15,44FS,FS48;FS50;FS51,4/12/17 8:00,4/18/17 17:00,5,5/15/17 8:00,6,5/21/17 8:00,0.00€,"1,000.00€",0.00€,0.00€,"1,000.00€",6.375,"1,000.00€",0.00€,0,721.00€,0.00€,"1,721.00€",0.00€,100%,Finished,"1,000.00€","1,000.00€"
3,48,rr,Opkuis werf (afvoer puin en afval),Site clean-up (disposal of rubble and waste),1.8.1,45FS;46FS;47FS,,4/19/17 8:00,4/25/17 17:00,5,5/23/17 8:00,5,5/28/17 8:00,0.00€,"1,398.00€",0.00€,0.00€,"1,398.00€",6.375,"1,398.00€",0.00€,0,-98.00€,0.00€,"1,300.00€",0.00€,100%,Finished,"1,398.00€","1,398.00€"
3,50,ah,Grondafvoer,Soil drainage,1.8.2,45FS;46FS;47FS,,4/19/17 8:00,4/26/17 17:00,6,5/23/17 8:00,6,5/29/17 8:00,0.00€,"1,487.00€",0.00€,0.00€,"1,487.00€",7.375,"1,487.00€",0.00€,0,-87.00€,0.00€,"1,400.00€",0.00€,100%,Finished,"1,487.00€","1,487.00€"
3,51,ak,Schilderwerken,Painting works,1.9.1,45FS;46FS;47FS,FS52,4/19/17 8:00,5/2/17 17:00,10,5/23/17 8:00,10,6/2/17 8:00,0.00€,"6,000.00€",0.00€,0.00€,"6,000.00€",13.375,"6,000.00€",0.00€,0,121.00€,0.00€,"6,121.00€",0.00€,100%,Finished,"6,000.00€","6,000.00€"
3,52,ss,Rest,Rest,1.10.1,51FS,,5/3/17 8:00,5/9/17 17:00,5,6/6/17 8:00,5,6/11/17 8:00,0.00€,"45,763.00€",0.00€,0.00€,"45,763.00€",6.375,"45,763.00€",0.00€,0,0.00€,0.00€,"45,763.00€",0.00€,100%,Finished,"45,763.00€","45,763.00€"