case:concept:name,concept:name,NL-Activity Name,Activity Name,Activity start/end,WBS ID,Predecessors,Successors,time:timestamp,End Time,Duration,Resource Cost,Fixed Cost,Cost/Hour,Variable Cost,Total Cost,Actual Start,Actual uration,Actual completion,Actual Total Cost,timestamp
C2016-26,1,F1 ventilatie,F1 ventilation,F1 ventilation-s,1.1.1,,FS2,3/11/16 8:00,3/17/16 17:00,5d,0.00€,772.50€,0.00€,0.00€,772.50€,3/11/16 8:00,5,3/16/2016,750.50€,3/11/16 8:00
C2016-26,2,F1 san/cv,F1 san/cv,F1 san/cv-s,1.1.2,1FS,FS3,3/18/16 8:00,3/24/16 17:00,5d,0.00€,"1,288.55€",0.00€,0.00€,"1,288.55€",3/18/16 8:00,5,3/23/2016,"1,253.55€",3/18/16 8:00
C2016-26,3,F1 elektr,F1 electric,F1 electric-s,1.1.3,2FS,FS4;FS5,3/25/16 8:00,3/31/16 17:00,5d,0.00€,818.19€,0.00€,0.00€,818.19€,3/25/16 8:00,5,3/30/2016,911.19€,3/25/16 8:00
C2016-26,4,Aansluiting water,Water connection,Water connection-s,1.1.4,3FS,,4/1/16 8:00,4/7/16 17:00,5d,0.00€,960.00€,0.00€,0.00€,960.00€,4/1/16 8:00,5,4/6/2016,"1,153.00€",4/1/16 8:00
C2016-26,5,Dakisolatie,roof insulation,roof insulation-s,1.1.5,3FS,FS6,4/1/16 8:00,4/14/16 17:00,10d,0.00€,"2,143.79€",0.00€,0.00€,"2,143.79€",4/1/16 8:00,10,4/11/2016,"2,341.79€",4/1/16 8:00
C2016-26,6,F1 pleister,F1 patch,F1 patch-s,1.1.6,5FS,FS7;FS25,4/15/16 8:00,4/28/16 17:00,10d,0.00€,"2,143.79€",0.00€,0.00€,"2,143.79€",4/15/16 8:00,10,4/25/2016,"3,095.79€",4/15/16 8:00
C2016-26,7,Opm keuken,opm kitchen,opm kitchen-s,1.2.1,6FS,FS8;FS9,4/29/16 8:00,5/5/16 17:00,5d,0.00€,"2,231.25€",0.00€,0.00€,"2,231.25€",4/29/16 8:00,5,5/4/2016,"1,767.25€",4/29/16 8:00
C2016-26,25,F2 san/cv,F2 san/cv,F2 san/cv-s,1.2.2,6FS,FS8;FS9,4/29/16 8:00,5/5/16 17:00,5d,0.00€,"1,932.83€",0.00€,0.00€,"1,932.83€",4/29/16 8:00,5,5/4/2016,"1,879.83€",4/29/16 8:00
C2016-26,8,F2 ventilatie,F2 ventilation,F2 ventilation-s,1.2.3,7FS;25FS,,5/6/16 8:00,5/12/16 17:00,5d,0.00€,"1,158.75€",0.00€,0.00€,"1,158.75€",5/6/16 8:00,5,5/11/2016,"1,125.75€",5/6/16 8:00
C2016-26,9,Vloerisolatie,Floor insulation,Floor insulation-s,1.2.4,7FS;25FS,FS10,5/6/16 8:00,5/12/16 17:00,5d,0.00€,"2,754.91€",0.00€,0.00€,"2,754.91€",5/6/16 8:00,5,5/11/2016,771.91€,5/6/16 8:00
C2016-26,10,Chape,screed,screed-s,1.2.5,9FS,FS11;FS12,5/13/16 8:00,5/19/16 17:00,5d,0.00€,"1,656.75€",0.00€,0.00€,"1,656.75€",5/13/16 8:00,5,5/18/2016,"1,842.75€",5/13/16 8:00
C2016-26,11,Opm Binnenschr,inner window,inner window-s,1.2.6,10FS,,5/20/16 8:00,5/26/16 17:00,5d,0.00€,979.98€,0.00€,0.00€,979.98€,5/20/16 8:00,5,5/25/2016,"1,412.98€",5/20/16 8:00
C2016-26,12,F2 elektr,F2 electric,F2 electric-s,1.2.7,10FS,FS13,5/20/16 8:00,5/26/16 17:00,5d,0.00€,"1,227.29€",0.00€,0.00€,"1,227.29€",5/20/16 8:00,5,5/25/2016,"1,367.29€",5/20/16 8:00
C2016-26,13,openen E/G/W,open E/G/W,open E/G/W-s,1.2.8,12FS,FS14,5/27/16 8:00,5/27/16 17:00,1d,0.00€,318.75€,0.00€,0.00€,318.75€,5/27/16 8:00,1,5/28/2016,382.75€,5/27/16 8:00
C2016-26,14,F3 san/cv,F3 san/cv,F3 san/cv-s,1.3.1,13FS,FS15,5/30/16 8:00,6/3/16 17:00,5d,0.00€,"3,221.38€",0.00€,0.00€,"3,221.38€",5/30/16 8:00,5,6/4/2016,"3,132.38€",5/30/16 8:00
C2016-26,15,Vloerwerken,Floor works,Floor works-s,1.3.2,14FS,FS16,6/6/16 8:00,6/10/16 17:00,5d,0.00€,"1,836.61€",0.00€,0.00€,"1,836.61€",6/6/16 8:00,5,6/11/2016,"1,878.61€",6/6/16 8:00
C2016-26,16,Trappen,stairs,stairs-s,1.3.3,15FS,FS17,6/13/16 8:00,6/17/16 17:00,5d,0.00€,"2,676.55€",0.00€,0.00€,"2,676.55€",6/13/16 8:00,5,6/18/2016,"3,859.55€",6/13/16 8:00
C2016-26,17,Binnenschrijnwerk,Interior joinery,Interior joinery-s,1.3.4,16FS,FS18,6/20/16 8:00,6/24/16 17:00,5d,0.00€,"1,469.97€",0.00€,0.00€,"1,469.97€",6/20/16 8:00,5,6/25/2016,"2,119.97€",6/20/16 8:00
C2016-26,18,Keuken,kitchen,kitchen-s,1.3.5,17FS,FS19;FS20,6/27/16 8:00,7/1/16 17:00,5d,0.00€,"3,825.00€",0.00€,0.00€,"3,825.00€",6/27/16 8:00,5,7/2/2016,"3,029.00€",6/27/16 8:00
C2016-26,19,afw ventilatie,afw ventilation,afw ventilation-s,1.4.1,18FS,FS21;FS24;FS26,7/4/16 8:00,7/8/16 17:00,5d,0.00€,"1,931.25€",0.00€,0.00€,"1,931.25€",7/4/16 8:00,5,7/9/2016,"1,875.25€",7/4/16 8:00
C2016-26,20,afw elektr,afw electr,afw electr-s,1.4.2,18FS,FS21;FS24,7/4/16 8:00,7/8/16 17:00,5d,0.00€,"2,045.48€",0.00€,0.00€,"2,045.48€",7/4/16 8:00,5,7/9/2016,"2,279.48€",7/4/16 8:00
C2016-26,21,afw san/cv,afw san/cv,afw san/cv-s,1.4.3,19FS;20FS,,7/11/16 8:00,7/15/16 17:00,5d,0.00€,"6,442.76€",0.00€,0.00€,"6,442.76€",7/11/16 8:00,5,7/16/2016,"6,263.76€",7/11/16 8:00
C2016-26,26,afw vloer,afw floor,afw floor-s,1.4.4,19FS,,7/11/16 8:00,7/15/16 17:00,5d,0.00€,"4,591.52€",0.00€,0.00€,"4,591.52€",7/11/16 8:00,5,7/16/2016,"4,697.52€",7/11/16 8:00
C2016-26,24,afw pleister,afw plaster,afw plaster-s,1.4.5,19FS;20FS,,7/11/16 8:00,7/15/16 17:00,5d,0.00€,"2,858.39€",0.00€,0.00€,"2,858.39€",7/11/16 8:00,5,7/16/2016,"4,127.39€",7/11/16 8:00
C2016-25,1,F1 ventilatie,F1 ventilation,F1 ventilation-s,1.1.1,,FS2,3/11/16 8:00,3/17/16 17:00,5d,0.00€,772.50€,0.00€,0.00€,772.50€,3/11/16 8:00,5,3/16/2016,750.50€,3/11/16 8:00
C2016-25,2,F1 san/cv,F1 san/cv,F1 san/cv-s,1.1.2,1FS,FS3,3/18/16 8:00,3/24/16 17:00,5d,0.00€,"1,288.55€",0.00€,0.00€,"1,288.55€",3/18/16 8:00,5,3/23/2016,"1,253.55€",3/18/16 8:00
C2016-25,3,F1 elektr,F1 electric,F1 electric-s,1.1.3,2FS,FS4;FS5,3/25/16 8:00,3/31/16 17:00,5d,0.00€,876.16€,0.00€,0.00€,876.16€,3/25/16 8:00,5,3/30/2016,976.16€,3/25/16 8:00
C2016-25,4,Aansluiting water,Water connection,Water connection-s,1.1.4,3FS,,4/1/16 8:00,4/7/16 17:00,5d,0.00€,960.00€,0.00€,0.00€,960.00€,4/1/16 8:00,5,4/6/2016,"1,153.00€",4/1/16 8:00
C2016-25,5,Dakisolatie,roof insulation,roof insulation-s,1.1.5,3FS,FS6,4/1/16 8:00,4/14/16 17:00,10d,0.00€,"2,232.63€",0.00€,0.00€,"2,232.63€",4/1/16 8:00,10,4/11/2016,"2,438.63€",4/1/16 8:00
C2016-25,6,F1 pleister,F1 patch,F1 patch-s,1.1.6,5FS,FS7;FS25,4/15/16 8:00,4/28/16 17:00,10d,0.00€,"2,232.63€",0.00€,0.00€,"2,232.63€",4/15/16 8:00,10,4/25/2016,"3,223.63€",4/15/16 8:00
C2016-25,7,Opm keuken,opm kitchen,opm kitchen-s,1.2.1,6FS,FS8;FS9,4/29/16 8:00,5/5/16 17:00,5d,0.00€,"2,231.25€",0.00€,0.00€,"2,231.25€",4/29/16 8:00,5,5/4/2016,"1,767.25€",4/29/16 8:00
C2016-25,25,F2 san/cv,F2 san/cv,F2 san/cv-s,1.2.2,6FS,FS8;FS9,4/29/16 8:00,5/5/16 17:00,5d,0.00€,"1,932.83€",0.00€,0.00€,"1,932.83€",4/29/16 8:00,5,5/4/2016,"1,879.83€",4/29/16 8:00
C2016-25,8,F2 ventilatie,F2 ventilation,F2 ventilation-s,1.2.3,7FS;25FS,,5/6/16 8:00,5/12/16 17:00,5d,0.00€,"1,158.75€",0.00€,0.00€,"1,158.75€",5/6/16 8:00,5,5/11/2016,"1,125.75€",5/6/16 8:00
C2016-25,9,Vloerisolatie,Floor insulation,Floor insulation-s,1.2.4,7FS;25FS,FS10,5/6/16 8:00,5/12/16 17:00,5d,0.00€,"3,230.24€",0.00€,0.00€,"3,230.24€",5/6/16 8:00,5,5/11/2016,905.24€,5/6/16 8:00
C2016-25,10,Chape,screed,screed-s,1.2.5,9FS,FS11;FS12,5/13/16 8:00,5/19/16 17:00,5d,0.00€,"2,200.14€",0.00€,0.00€,"2,200.14€",5/13/16 8:00,5,5/18/2016,"2,447.14€",5/13/16 8:00
C2016-25,11,Opm Binnenschr,inner window,inner window-s,1.2.6,10FS,,5/20/16 8:00,5/26/16 17:00,5d,0.00€,"1,287.17€",0.00€,0.00€,"1,287.17€",5/20/16 8:00,5,5/25/2016,"1,856.17€",5/20/16 8:00
C2016-25,12,F2 elektr,F2 electric,F2 electric-s,1.2.7,10FS,FS13,5/20/16 8:00,5/26/16 17:00,5d,0.00€,"1,314.24€",0.00€,0.00€,"1,314.24€",5/20/16 8:00,5,5/25/2016,"1,464.24€",5/20/16 8:00
C2016-25,13,openen E/G/W,open E/G/W,open E/G/W-s,1.2.8,12FS,FS14,5/27/16 8:00,5/27/16 17:00,1d,0.00€,318.75€,0.00€,0.00€,318.75€,5/27/16 8:00,1,5/28/2016,382.75€,5/27/16 8:00
C2016-25,14,F3 san/cv,F3 san/cv,F3 san/cv-s,1.3.1,13FS,FS15,5/30/16 8:00,6/3/16 17:00,5d,0.00€,"3,221.38€",0.00€,0.00€,"3,221.38€",5/30/16 8:00,5,6/4/2016,"3,132.38€",5/30/16 8:00
C2016-25,15,Vloerwerken,Floor works,Floor works-s,1.3.2,14FS,FS16,6/6/16 8:00,6/10/16 17:00,5d,0.00€,"2,153.49€",0.00€,0.00€,"2,153.49€",6/6/16 8:00,5,6/11/2016,"2,203.49€",6/6/16 8:00
C2016-25,16,Trappen,stairs,stairs-s,1.3.3,15FS,FS17,6/13/16 8:00,6/17/16 17:00,5d,0.00€,"2,488.89€",0.00€,0.00€,"2,488.89€",6/13/16 8:00,5,6/18/2016,"3,588.89€",6/13/16 8:00
C2016-25,17,Binnenschrijnwerk,Interior joinery,Interior joinery-s,1.3.4,16FS,FS18,6/20/16 8:00,6/24/16 17:00,5d,0.00€,"1,930.76€",0.00€,0.00€,"1,930.76€",6/20/16 8:00,5,6/25/2016,"2,783.76€",6/20/16 8:00
C2016-25,18,Keuken,kitchen,kitchen-s,1.3.5,17FS,FS19;FS20,6/27/16 8:00,7/1/16 17:00,5d,0.00€,"3,825.00€",0.00€,0.00€,"3,825.00€",6/27/16 8:00,5,7/2/2016,"3,029.00€",6/27/16 8:00
C2016-25,19,afw ventilatie,afw ventilation,afw ventilation-s,1.4.1,18FS,FS21;FS24;FS26,7/4/16 8:00,7/8/16 17:00,5d,0.00€,"1,931.25€",0.00€,0.00€,"1,931.25€",7/4/16 8:00,5,7/9/2016,"1,875.25€",7/4/16 8:00
C2016-25,20,afw elektr,afw electr,afw electr-s,1.4.2,18FS,FS21;FS24,7/4/16 8:00,7/8/16 17:00,5d,0.00€,"2,190.40€",0.00€,0.00€,"2,190.40€",7/4/16 8:00,5,7/9/2016,"2,441.40€",7/4/16 8:00
C2016-25,21,afw san/cv,afw san/cv,afw san/cv-s,1.4.3,19FS;20FS,,7/11/16 8:00,7/15/16 17:00,5d,0.00€,"6,442.75€",0.00€,0.00€,"6,442.75€",7/11/16 8:00,5,7/16/2016,"6,263.75€",7/11/16 8:00
C2016-25,26,afw vloer,afw floor,afw floor-s,1.4.4,19FS,,7/11/16 8:00,7/15/16 17:00,5d,0.00€,"5,383.73€",0.00€,0.00€,"5,383.73€",7/11/16 8:00,5,7/16/2016,"5,508.73€",7/11/16 8:00
C2016-25,24,afw pleister,afw plaster,afw plaster-s,1.4.5,19FS;20FS,,7/11/16 8:00,7/15/16 17:00,5d,0.00€,"2,976.84€",0.00€,0.00€,"2,976.84€",7/11/16 8:00,5,7/16/2016,"4,297.84€",7/11/16 8:00
C2016-24,1,F1 ventilatie,F1 ventilation,F1 ventilation-s,1.1.1,,FS2,3/11/16 8:00,3/17/16 17:00,5d,0.00€,772.50€,0.00€,0.00€,772.50€,3/11/16 8:00,5,3/16/2016,750.50€,3/11/16 8:00
C2016-24,2,F1 san/cv,F1 san/cv,F1 san/cv-s,1.1.2,1FS,FS3,3/18/16 8:00,3/24/16 17:00,5d,0.00€,"1,288.55€",0.00€,0.00€,"1,288.55€",3/18/16 8:00,5,3/23/2016,"1,277.55€",3/18/16 8:00
C2016-24,3,F1 elektr,F1 electric,F1 electric-s,1.1.3,2FS,FS4;FS5,3/25/16 8:00,3/31/16 17:00,5d,0.00€,818.19€,0.00€,0.00€,818.19€,3/25/16 8:00,5,3/30/2016,"1,039.19€",3/25/16 8:00
C2016-24,4,Aansluiting water,Water connection,Water connection-s,1.1.4,3FS,,4/1/16 8:00,4/7/16 17:00,5d,0.00€,960.00€,0.00€,0.00€,960.00€,4/1/16 8:00,5,4/6/2016,953.00€,4/1/16 8:00
C2016-24,5,Dakisolatie,roof insulation,roof insulation-s,1.1.5,3FS,FS6,4/1/16 8:00,4/14/16 17:00,10d,0.00€,"2,390.49€",0.00€,0.00€,"2,390.49€",4/1/16 8:00,10,4/11/2016,"2,088.49€",4/1/16 8:00
C2016-24,6,F1 pleister,F1 patch,F1 patch-s,1.1.6,5FS,FS7;FS25,4/15/16 8:00,4/28/16 17:00,10d,0.00€,"2,390.49€",0.00€,0.00€,"2,390.49€",4/15/16 8:00,10,4/25/2016,"2,760.49€",4/15/16 8:00
C2016-24,7,Opm keuken,opm kitchen,opm kitchen-s,1.2.1,6FS,FS8;FS9,4/29/16 8:00,5/5/16 17:00,5d,0.00€,"2,231.25€",0.00€,0.00€,"2,231.25€",4/29/16 8:00,5,5/4/2016,"2,984.25€",4/29/16 8:00
C2016-24,25,F2 san/cv,F2 san/cv,F2 san/cv-s,1.2.2,6FS,FS8;FS9,4/29/16 8:00,5/5/16 17:00,5d,0.00€,"1,932.83€",0.00€,0.00€,"1,932.83€",4/29/16 8:00,5,5/4/2016,"1,915.83€",4/29/16 8:00
C2016-24,8,F2 ventilatie,F2 ventilation,F2 ventilation-s,1.2.3,7FS;25FS,,5/6/16 8:00,5/12/16 17:00,5d,0.00€,"1,158.75€",0.00€,0.00€,"1,158.75€",5/6/16 8:00,5,5/11/2016,"1,125.75€",5/6/16 8:00
C2016-24,9,Vloerisolatie,Floor insulation,Floor insulation-s,1.2.4,7FS;25FS,FS10,5/6/16 8:00,5/12/16 17:00,5d,0.00€,"2,828.80€",0.00€,0.00€,"2,828.80€",5/6/16 8:00,5,5/11/2016,914.80€,5/6/16 8:00
C2016-24,10,Chape,screed,screed-s,1.2.5,9FS,FS11;FS12,5/13/16 8:00,5/19/16 17:00,5d,0.00€,"1,752.39€",0.00€,0.00€,"1,752.39€",5/13/16 8:00,5,5/18/2016,"1,494.39€",5/13/16 8:00
C2016-24,11,Opm Binnenschr,inner window,inner window-s,1.2.6,10FS,,5/20/16 8:00,5/26/16 17:00,5d,0.00€,979.98€,0.00€,0.00€,979.98€,5/20/16 8:00,5,5/25/2016,"1,150.98€",5/20/16 8:00
C2016-24,12,F2 elektr,F2 electric,F2 electric-s,1.2.7,10FS,FS13,5/20/16 8:00,5/26/16 17:00,5d,0.00€,"1,227.29€",0.00€,0.00€,"1,227.29€",5/20/16 8:00,5,5/25/2016,"1,559.29€",5/20/16 8:00
C2016-24,13,openen E/G/W,open E/G/W,open E/G/W-s,1.2.8,12FS,FS14,5/27/16 8:00,5/27/16 17:00,1d,0.00€,318.75€,0.00€,0.00€,318.75€,5/27/16 8:00,1,5/28/2016,316.75€,5/27/16 8:00
C2016-24,14,F3 san/cv,F3 san/cv,F3 san/cv-s,1.3.1,13FS,FS15,5/30/16 8:00,6/3/16 17:00,5d,0.00€,"3,221.38€",0.00€,0.00€,"3,221.38€",5/30/16 8:00,5,6/4/2016,"3,193.38€",5/30/16 8:00
C2016-24,15,Vloerwerken,Floor works,Floor works-s,1.3.2,14FS,FS16,6/6/16 8:00,6/10/16 17:00,5d,0.00€,"1,885.87€",0.00€,0.00€,"1,885.87€",6/6/16 8:00,5,6/11/2016,"1,527.87€",6/6/16 8:00
C2016-24,16,Trappen,stairs,stairs-s,1.3.3,15FS,FS17,6/13/16 8:00,6/17/16 17:00,5d,0.00€,"2,488.89€",0.00€,0.00€,"2,488.89€",6/13/16 8:00,5,6/18/2016,"2,922.89€",6/13/16 8:00
C2016-24,17,Binnenschrijnwerk,Interior joinery,Interior joinery-s,1.3.4,16FS,FS18,6/20/16 8:00,6/24/16 17:00,5d,0.00€,"1,469.97€",0.00€,0.00€,"1,469.97€",6/20/16 8:00,5,6/25/2016,"1,725.97€",6/20/16 8:00
C2016-24,18,Keuken,kitchen,kitchen-s,1.3.5,17FS,FS19;FS20,6/27/16 8:00,7/1/16 17:00,5d,0.00€,"3,825.00€",0.00€,0.00€,"3,825.00€",6/27/16 8:00,5,7/2/2016,"5,115.00€",6/27/16 8:00
C2016-24,19,afw ventilatie,afw ventilation,afw ventilation-s,1.4.1,18FS,FS21;FS24;FS26,7/4/16 8:00,7/15/16 17:00,10d,0.00€,"1,931.25€",0.00€,0.00€,"1,931.25€",7/4/16 8:00,10,7/14/2016,"1,875.25€",7/4/16 8:00
C2016-24,20,afw elektr,afw electr,afw electr-s,1.4.2,18FS,FS21;FS24,7/4/16 8:00,7/15/16 17:00,10d,0.00€,"2,045.48€",0.00€,0.00€,"2,045.48€",7/4/16 8:00,10,7/14/2016,"2,599.48€",7/4/16 8:00
C2016-24,21,afw san/cv,afw san/cv,afw san/cv-s,1.4.3,19FS;20FS,,7/18/16 8:00,7/29/16 17:00,10d,0.00€,"6,442.75€",0.00€,0.00€,"6,442.75€",7/18/16 8:00,10,7/28/2016,"6,385.75€",7/18/16 8:00
C2016-24,26,afw vloer,afw floor,afw floor-s,1.4.4,19FS,,7/18/16 8:00,7/29/16 17:00,10d,0.00€,"4,714.67€",0.00€,0.00€,"4,714.67€",7/18/16 8:00,10,7/28/2016,"3,819.67€",7/18/16 8:00
C2016-24,24,afw pleister,afw plaster,afw plaster-s,1.4.5,19FS;20FS,,7/18/16 8:00,7/29/16 17:00,10d,0.00€,"3,187.31€",0.00€,0.00€,"3,187.31€",7/18/16 8:00,10,7/28/2016,"3,680.31€",7/18/16 8:00
C2016-23,1,F1 ventilatie,F1 ventilation,F1 ventilation-s,1.1.1,,FS2,3/11/16 8:00,3/17/16 17:00,5d,0.00€,772.50€,0.00€,0.00€,772.50€,3/11/16 8:00,5,3/16/2016,750.50€,3/11/16 8:00
C2016-23,2,F1 san/cv,F1 san/cv,F1 san/cv-s,1.1.2,1FS,FS3,3/18/16 8:00,3/24/16 17:00,5d,0.00€,"1,288.55€",0.00€,0.00€,"1,288.55€",3/18/16 8:00,5,3/23/2016,"1,277.55€",3/18/16 8:00
C2016-23,3,F1 elektr,F1 electric,F1 electric-s,1.1.3,2FS,FS4;FS5,3/25/16 8:00,3/31/16 17:00,5d,0.00€,887.61€,0.00€,0.00€,887.61€,3/25/16 8:00,5,3/30/2016,"1,127.61€",3/25/16 8:00
C2016-23,4,Aansluiting water,Water connection,Water connection-s,1.1.4,3FS,,4/1/16 8:00,4/7/16 17:00,5d,0.00€,960.00€,0.00€,0.00€,960.00€,4/1/16 8:00,5,4/6/2016,953.00€,4/1/16 8:00
C2016-23,5,Dakisolatie,roof insulation,roof insulation-s,1.1.5,3FS,FS6,4/1/16 8:00,4/14/16 17:00,10d,0.00€,"2,474.51€",0.00€,0.00€,"2,474.51€",4/1/16 8:00,10,4/11/2016,"2,162.51€",4/1/16 8:00
C2016-23,6,F1 pleister,F1 patch,F1 patch-s,1.1.6,5FS,FS7;FS25,4/15/16 8:00,4/28/16 17:00,10d,0.00€,"2,474.51€",0.00€,0.00€,"2,474.51€",4/15/16 8:00,10,4/25/2016,"2,857.51€",4/15/16 8:00
C2016-23,7,Opm keuken,opm kitchen,opm kitchen-s,1.2.1,6FS,FS8;FS9,4/29/16 8:00,5/5/16 17:00,5d,0.00€,"2,231.25€",0.00€,0.00€,"2,231.25€",4/29/16 8:00,5,5/4/2016,"2,984.25€",4/29/16 8:00
C2016-23,25,F2 san/cv,F2 san/cv,F2 san/cv-s,1.2.2,6FS,FS8;FS9,4/29/16 8:00,5/5/16 17:00,5d,0.00€,"1,932.83€",0.00€,0.00€,"1,932.83€",4/29/16 8:00,5,5/4/2016,"1,915.83€",4/29/16 8:00
C2016-23,8,F2 ventilatie,F2 ventilation,F2 ventilation-s,1.2.3,7FS;25FS,,5/6/16 8:00,5/12/16 17:00,5d,0.00€,"1,158.75€",0.00€,0.00€,"1,158.75€",5/6/16 8:00,5,5/11/2016,"1,125.75€",5/6/16 8:00
C2016-23,9,Vloerisolatie,Floor insulation,Floor insulation-s,1.2.4,7FS;25FS,FS10,5/6/16 8:00,5/12/16 17:00,5d,0.00€,"3,451.52€",0.00€,0.00€,"3,451.52€",5/6/16 8:00,5,5/11/2016,"1,115.52€",5/6/16 8:00
C2016-23,10,Chape,screed,screed-s,1.2.5,9FS,FS11;FS12,5/13/16 8:00,5/19/16 17:00,5d,0.00€,"2,010.53€",0.00€,0.00€,"2,010.53€",5/13/16 8:00,5,5/18/2016,"1,714.53€",5/13/16 8:00
C2016-23,11,Opm Binnenschr,inner window,inner window-s,1.2.6,10FS,,5/20/16 8:00,5/26/16 17:00,5d,0.00€,"1,363.51€",0.00€,0.00€,"1,363.51€",5/20/16 8:00,5,5/25/2016,"1,601.51€",5/20/16 8:00
C2016-23,12,F2 elektr,F2 electric,F2 electric-s,1.2.7,10FS,FS13,5/20/16 8:00,5/26/16 17:00,5d,0.00€,"1,331.42€",0.00€,0.00€,"1,331.42€",5/20/16 8:00,5,5/25/2016,"1,692.42€",5/20/16 8:00
C2016-23,13,openen E/G/W,open E/G/W,open E/G/W-s,1.2.8,12FS,FS14,5/27/16 8:00,5/27/16 17:00,1d,0.00€,318.75€,0.00€,0.00€,318.75€,5/27/16 8:00,1,5/28/2016,316.75€,5/27/16 8:00
C2016-23,14,F3 san/cv,F3 san/cv,F3 san/cv-s,1.3.1,13FS,FS15,5/30/16 8:00,6/3/16 17:00,5d,0.00€,"3,221.38€",0.00€,0.00€,"3,221.38€",5/30/16 8:00,5,6/4/2016,"3,193.38€",5/30/16 8:00
C2016-23,15,Vloerwerken,Floor works,Floor works-s,1.3.2,14FS,FS16,6/6/16 8:00,6/10/16 17:00,5d,0.00€,"2,301.01€",0.00€,0.00€,"2,301.01€",6/6/16 8:00,5,6/11/2016,"1,865.01€",6/6/16 8:00
C2016-23,16,Trappen,stairs,stairs-s,1.3.3,15FS,FS17,6/13/16 8:00,6/17/16 17:00,5d,0.00€,"2,488.89€",0.00€,0.00€,"2,488.89€",6/13/16 8:00,5,6/18/2016,"2,922.89€",6/13/16 8:00
C2016-23,17,Binnenschrijnwerk,Interior joinery,Interior joinery-s,1.3.4,16FS,FS18,6/20/16 8:00,6/24/16 17:00,5d,0.00€,"2,045.27€",0.00€,0.00€,"2,045.27€",6/20/16 8:00,5,6/25/2016,"2,402.27€",6/20/16 8:00
C2016-23,18,Keuken,kitchen,kitchen-s,1.3.5,17FS,FS19;FS20,6/27/16 8:00,7/1/16 17:00,5d,0.00€,"3,825.00€",0.00€,0.00€,"3,825.00€",6/27/16 8:00,5,7/2/2016,"5,115.00€",6/27/16 8:00
C2016-23,19,afw ventilatie,afw ventilation,afw ventilation-s,1.4.1,18FS,FS21;FS24;FS26,7/4/16 8:00,7/15/16 17:00,10d,0.00€,"1,931.25€",0.00€,0.00€,"1,931.25€",7/4/16 8:00,10,7/14/2016,"1,875.25€",7/4/16 8:00
C2016-23,20,afw elektr,afw electr,afw electr-s,1.4.2,18FS,FS21;FS24,7/4/16 8:00,7/15/16 17:00,10d,0.00€,"2,219.04€",0.00€,0.00€,"2,219.04€",7/4/16 8:00,10,7/14/2016,"2,820.04€",7/4/16 8:00
C2016-23,21,afw san/cv,afw san/cv,afw san/cv-s,1.4.3,19FS;20FS,,7/18/16 8:00,7/29/16 17:00,10d,0.00€,"6,442.75€",0.00€,0.00€,"6,442.75€",7/18/16 8:00,10,7/28/2016,"6,385.75€",7/18/16 8:00
C2016-23,26,afw vloer,afw floor,afw floor-s,1.4.4,19FS,,7/18/16 8:00,7/29/16 17:00,10d,0.00€,"5,752.53€",0.00€,0.00€,"5,752.53€",7/18/16 8:00,10,7/28/2016,"4,660.53€",7/18/16 8:00
C2016-23,24,afw pleister,afw plaster,afw plaster-s,1.4.5,19FS;20FS,,7/18/16 8:00,7/29/16 17:00,10d,0.00€,"3,299.35€",0.00€,0.00€,"3,299.35€",7/18/16 8:00,10,7/28/2016,"3,810.35€",7/18/16 8:00
C2016-22,1,F1 ventilatie,F1 ventilation,F1 ventilation-s,1.1.1,,FS2,3/11/16 8:00,3/17/16 17:00,5d,0.00€,772.50€,0.00€,0.00€,772.50€,3/11/16 8:00,5,3/16/2016,750.50€,3/11/16 8:00
C2016-22,2,F1 san/cv,F1 san/cv,F1 san/cv-s,1.1.2,1FS,FS3,3/18/16 8:00,3/24/16 17:00,5d,0.00€,"1,288.55€",0.00€,0.00€,"1,288.55€",3/18/16 8:00,5,3/23/2016,"1,277.55€",3/18/16 8:00
C2016-22,3,F1 elektr,F1 electric,F1 electric-s,1.1.3,2FS,FS4;FS5,3/25/16 8:00,3/31/16 17:00,5d,0.00€,875.63€,0.00€,0.00€,875.63€,3/25/16 8:00,5,3/30/2016,"1,112.63€",3/25/16 8:00
C2016-22,4,Aansluiting water,Water connection,Water connection-s,1.1.4,3FS,,4/1/16 8:00,4/7/16 17:00,5d,0.00€,960.00€,0.00€,0.00€,960.00€,4/1/16 8:00,5,4/6/2016,953.00€,4/1/16 8:00
C2016-22,5,Dakisolatie,roof insulation,roof insulation-s,1.1.5,3FS,FS6,4/1/16 8:00,4/14/16 17:00,10d,0.00€,"2,466.18€",0.00€,0.00€,"2,466.18€",4/1/16 8:00,10,4/11/2016,"2,135.18€",4/1/16 8:00
C2016-22,6,F1 pleister,F1 patch,F1 patch-s,1.1.6,5FS,FS7;FS25,4/15/16 8:00,4/28/16 17:00,10d,0.00€,"2,466.18€",0.00€,0.00€,"2,466.18€",4/15/16 8:00,10,4/25/2016,"2,848.18€",4/15/16 8:00
C2016-22,7,Opm keuken,opm kitchen,opm kitchen-s,1.2.1,6FS,FS8;FS9,4/29/16 8:00,5/5/16 17:00,5d,0.00€,"2,231.25€",0.00€,0.00€,"2,231.25€",4/29/16 8:00,5,5/4/2016,"2,984.25€",4/29/16 8:00
C2016-22,25,F2 san/cv,F2 san/cv,F2 san/cv-s,1.2.2,6FS,FS8;FS9,4/29/16 8:00,5/5/16 17:00,5d,0.00€,"1,932.83€",0.00€,0.00€,"1,932.83€",4/29/16 8:00,5,5/4/2016,"1,915.83€",4/29/16 8:00
C2016-22,8,F2 ventilatie,F2 ventilation,F2 ventilation-s,1.2.3,7FS;25FS,,5/6/16 8:00,5/12/16 17:00,5d,0.00€,"1,158.75€",0.00€,0.00€,"1,158.75€",5/6/16 8:00,5,5/11/2016,"1,125.75€",5/6/16 8:00
C2016-22,9,Vloerisolatie,Floor insulation,Floor insulation-s,1.2.4,7FS;25FS,FS10,5/6/16 8:00,5/12/16 17:00,5d,0.00€,"3,264.23€",0.00€,0.00€,"3,264.23€",5/6/16 8:00,5,5/11/2016,"1,055.23€",5/6/16 8:00
C2016-22,10,Chape,screed,screed-s,1.2.5,9FS,FS11;FS12,5/13/16 8:00,5/19/16 17:00,5d,0.00€,"2,145.03€",0.00€,0.00€,"2,145.03€",5/13/16 8:00,5,5/18/2016,"1,830.03€",5/13/16 8:00
C2016-22,11,Opm Binnenschr,inner window,inner window-s,1.2.6,10FS,,5/20/16 8:00,5/26/16 17:00,5d,0.00€,"1,276.87€",0.00€,0.00€,"1,276.87€",5/20/16 8:00,5,5/25/2016,"1,499.87€",5/20/16 8:00
C2016-22,12,F2 elektr,F2 electric,F2 electric-s,1.2.7,10FS,FS13,5/20/16 8:00,5/26/16 17:00,5d,0.00€,"1,313.44€",0.00€,0.00€,"1,313.44€",5/20/16 8:00,5,5/25/2016,"1,669.44€",5/20/16 8:00
C2016-22,13,openen E/G/W,open E/G/W,open E/G/W-s,1.2.8,12FS,FS14,5/27/16 8:00,5/27/16 17:00,1d,0.00€,318.75€,0.00€,0.00€,318.75€,5/27/16 8:00,1,5/28/2016,316.75€,5/27/16 8:00
C2016-22,14,F3 san/cv,F3 san/cv,F3 san/cv-s,1.3.1,13FS,FS15,5/30/16 8:00,6/3/16 17:00,5d,0.00€,"3,221.38€",0.00€,0.00€,"3,221.38€",5/30/16 8:00,5,6/4/2016,"3,193.38€",5/30/16 8:00
C2016-22,15,Vloerwerken,Floor works,Floor works-s,1.3.2,14FS,FS16,6/6/16 8:00,6/10/16 17:00,5d,0.00€,"2,176.16€",0.00€,0.00€,"2,176.16€",6/6/16 8:00,5,6/11/2016,"1,763.16€",6/6/16 8:00
C2016-22,16,Trappen,stairs,stairs-s,1.3.3,15FS,FS17,6/13/16 8:00,6/17/16 17:00,5d,0.00€,"4,069.67€",0.00€,0.00€,"4,069.67€",6/13/16 8:00,5,6/18/2016,"4,779.67€",6/13/16 8:00
C2016-22,17,Binnenschrijnwerk,Interior joinery,Interior joinery-s,1.3.4,16FS,FS18,6/20/16 8:00,6/24/16 17:00,5d,0.00€,"1,915.31€",0.00€,0.00€,"1,915.31€",6/20/16 8:00,5,6/25/2016,"2,249.31€",6/20/16 8:00
C2016-22,18,Keuken,kitchen,kitchen-s,1.3.5,17FS,FS19;FS20,6/27/16 8:00,7/1/16 17:00,5d,0.00€,"3,825.00€",0.00€,0.00€,"3,825.00€",6/27/16 8:00,5,7/2/2016,"5,115.00€",6/27/16 8:00
C2016-22,19,afw ventilatie,afw ventilation,afw ventilation-s,1.4.1,18FS,FS21;FS24;FS26,7/4/16 8:00,7/15/16 17:00,10d,0.00€,"1,931.25€",0.00€,0.00€,"1,931.25€",7/4/16 8:00,10,7/14/2016,"1,875.25€",7/4/16 8:00
C2016-22,20,afw elektr,afw electr,afw electr-s,1.4.2,18FS,FS21;FS24,7/4/16 8:00,7/15/16 17:00,10d,0.00€,"2,189.06€",0.00€,0.00€,"2,189.06€",7/4/16 8:00,10,7/14/2016,"2,782.06€",7/4/16 8:00
C2016-22,21,afw san/cv,afw san/cv,afw san/cv-s,1.4.3,19FS;20FS,,7/18/16 8:00,7/29/16 17:00,10d,0.00€,"6,442.75€",0.00€,0.00€,"6,442.75€",7/18/16 8:00,10,7/28/2016,"6,385.75€",7/18/16 8:00
C2016-22,26,afw vloer,afw floor,afw floor-s,1.4.4,19FS,,7/18/16 8:00,7/29/16 17:00,10d,0.00€,"5,440.39€",0.00€,0.00€,"5,440.39€",7/18/16 8:00,10,7/28/2016,"4,407.39€",7/18/16 8:00
C2016-22,24,afw pleister,afw plaster,afw plaster-s,1.4.5,19FS;20FS,,7/18/16 8:00,7/29/16 17:00,10d,0.00€,"3,288.24€",0.00€,0.00€,"3,288.24€",7/18/16 8:00,10,7/28/2016,"3,797.24€",7/18/16 8:00
C2016-21,1,F1 ventilatie,F1 ventilation,F1 ventilation-s,1.1.1,,FS2,3/11/16 8:00,3/17/16 17:00,5d,0.00€,772.50€,0.00€,0.00€,772.50€,3/11/16 8:00,5,3/16/2016,750.50€,3/11/16 8:00
C2016-21,2,F1 san/cv,F1 san/cv,F1 san/cv-s,1.1.2,1FS,FS3,3/18/16 8:00,3/24/16 17:00,5d,0.00€,"1,288.55€",0.00€,0.00€,"1,288.55€",3/18/16 8:00,5,3/23/2016,"1,277.55€",3/18/16 8:00
C2016-21,3,F1 elektr,F1 electric,F1 electric-s,1.1.3,2FS,FS4;FS5,3/25/16 8:00,3/31/16 17:00,5d,0.00€,841.70€,0.00€,0.00€,841.70€,3/25/16 8:00,5,3/30/2016,"1,069.70€",3/25/16 8:00
C2016-21,4,Aansluiting water,Water connection,Water connection-s,1.1.4,3FS,,4/1/16 8:00,4/7/16 17:00,5d,0.00€,960.00€,0.00€,0.00€,960.00€,4/1/16 8:00,5,4/6/2016,953.00€,4/1/16 8:00
C2016-21,5,Dakisolatie,roof insulation,roof insulation-s,1.1.5,3FS,FS6,4/1/16 8:00,4/14/16 17:00,10d,0.00€,"2,227.91€",0.00€,0.00€,"2,227.91€",4/1/16 8:00,10,4/11/2016,"1,946.91€",4/1/16 8:00
C2016-21,6,F1 pleister,F1 patch,F1 patch-s,1.1.6,5FS,FS7;FS25,4/15/16 8:00,4/28/16 17:00,10d,0.00€,"2,227.91€",0.00€,0.00€,"2,227.91€",4/15/16 8:00,10,4/25/2016,"2,572.91€",4/15/16 8:00
C2016-21,7,Opm keuken,opm kitchen,opm kitchen-s,1.2.1,6FS,FS8;FS9,4/29/16 8:00,5/5/16 17:00,5d,0.00€,"2,231.25€",0.00€,0.00€,"2,231.25€",4/29/16 8:00,5,5/4/2016,"2,984.25€",4/29/16 8:00
C2016-21,25,F2 san/cv,F2 san/cv,F2 san/cv-s,1.2.2,6FS,FS8;FS9,4/29/16 8:00,5/5/16 17:00,5d,0.00€,"1,932.83€",0.00€,0.00€,"1,932.83€",4/29/16 8:00,5,5/4/2016,"1,915.83€",4/29/16 8:00
C2016-21,8,F2 ventilatie,F2 ventilation,F2 ventilation-s,1.2.3,7FS;25FS,,5/6/16 8:00,5/12/16 17:00,5d,0.00€,"1,158.75€",0.00€,0.00€,"1,158.75€",5/6/16 8:00,5,5/11/2016,"1,125.75€",5/6/16 8:00
C2016-21,9,Vloerisolatie,Floor insulation,Floor insulation-s,1.2.4,7FS;25FS,FS10,5/6/16 8:00,5/12/16 17:00,5d,0.00€,"3,186.51€",0.00€,0.00€,"3,186.51€",5/6/16 8:00,5,5/11/2016,"1,030.51€",5/6/16 8:00
C2016-21,10,Chape,screed,screed-s,1.2.5,9FS,FS11;FS12,5/13/16 8:00,5/19/16 17:00,5d,0.00€,"1,951.26€",0.00€,0.00€,"1,951.26€",5/13/16 8:00,5,5/18/2016,"1,664.26€",5/13/16 8:00
C2016-21,11,Opm Binnenschr,inner window,inner window-s,1.2.6,10FS,,5/20/16 8:00,5/26/16 17:00,5d,0.00€,"1,056.33€",0.00€,0.00€,"1,056.33€",5/20/16 8:00,5,5/25/2016,"1,240.33€",5/20/16 8:00
C2016-21,12,F2 elektr,F2 electric,F2 electric-s,1.2.7,10FS,FS13,5/20/16 8:00,5/26/16 17:00,5d,0.00€,"1,262.55€",0.00€,0.00€,"1,262.55€",5/20/16 8:00,5,5/25/2016,"1,604.55€",5/20/16 8:00
C2016-21,13,openen E/G/W,open E/G/W,open E/G/W-s,1.2.8,12FS,FS14,5/27/16 8:00,5/27/16 17:00,1d,0.00€,318.75€,0.00€,0.00€,318.75€,5/27/16 8:00,1,5/28/2016,316.75€,5/27/16 8:00
C2016-21,14,F3 san/cv,F3 san/cv,F3 san/cv-s,1.3.1,13FS,FS15,5/30/16 8:00,6/3/16 17:00,5d,0.00€,"3,221.38€",0.00€,0.00€,"3,221.38€",5/30/16 8:00,5,6/4/2016,"3,193.38€",5/30/16 8:00
C2016-21,15,Vloerwerken,Floor works,Floor works-s,1.3.2,14FS,FS16,6/6/16 8:00,6/10/16 17:00,5d,0.00€,"2,124.34€",0.00€,0.00€,"2,124.34€",6/6/16 8:00,5,6/11/2016,"1,721.34€",6/6/16 8:00
C2016-21,16,Trappen,stairs,stairs-s,1.3.3,15FS,FS17,6/13/16 8:00,6/17/16 17:00,5d,0.00€,"3,392.58€",0.00€,0.00€,"3,392.58€",6/13/16 8:00,5,6/18/2016,"3,984.58€",6/13/16 8:00
C2016-21,17,Binnenschrijnwerk,Interior joinery,Interior joinery-s,1.3.4,16FS,FS18,6/20/16 8:00,6/24/16 17:00,5d,0.00€,"1,584.49€",0.00€,0.00€,"1,584.49€",6/20/16 8:00,5,6/25/2016,"1,860.49€",6/20/16 8:00
C2016-21,18,Keuken,kitchen,kitchen-s,1.3.5,17FS,FS19;FS20,6/27/16 8:00,7/1/16 17:00,5d,0.00€,"3,825.00€",0.00€,0.00€,"3,825.00€",6/27/16 8:00,5,7/2/2016,"5,115.00€",6/27/16 8:00
C2016-21,19,afw ventilatie,afw ventilation,afw ventilation-s,1.4.1,18FS,FS21;FS24;FS26,7/4/16 8:00,7/15/16 17:00,10d,0.00€,"1,931.25€",0.00€,0.00€,"1,931.25€",7/4/16 8:00,10,7/14/2016,"1,875.25€",7/4/16 8:00
C2016-21,20,afw elektr,afw electr,afw electr-s,1.4.2,18FS,FS21;FS24,7/4/16 8:00,7/15/16 17:00,10d,0.00€,"2,104.24€",0.00€,0.00€,"2,104.24€",7/4/16 8:00,10,7/14/2016,"2,674.24€",7/4/16 8:00
C2016-21,21,afw san/cv,afw san/cv,afw san/cv-s,1.4.3,19FS;20FS,,7/18/16 8:00,7/29/16 17:00,10d,0.00€,"6,442.75€",0.00€,0.00€,"6,442.75€",7/18/16 8:00,10,7/28/2016,"6,385.75€",7/18/16 8:00
C2016-21,26,afw vloer,afw floor,afw floor-s,1.4.4,19FS,,7/18/16 8:00,7/29/16 17:00,10d,0.00€,"5,310.85€",0.00€,0.00€,"5,310.85€",7/18/16 8:00,10,7/28/2016,"4,302.85€",7/18/16 8:00
C2016-21,24,afw pleister,afw plaster,afw plaster-s,1.4.5,19FS;20FS,,7/18/16 8:00,7/29/16 17:00,10d,0.00€,"2,970.54€",0.00€,0.00€,"2,970.54€",7/18/16 8:00,10,7/28/2016,"3,430.54€",7/18/16 8:00
C2016-20,1,F1 ventilatie,F1 ventilation,F1 ventilation-s,1.1.1,,FS2,3/11/16 8:00,3/17/16 17:00,5d,0.00€,772.50€,0.00€,0.00€,772.50€,3/11/16 8:00,5,3/16/2016,750.50€,3/11/16 8:00
C2016-20,2,F1 san/cv,F1 san/cv,F1 san/cv-s,1.1.2,1FS,FS3,3/18/16 8:00,3/24/16 17:00,5d,0.00€,"1,288.55€",0.00€,0.00€,"1,288.55€",3/18/16 8:00,5,3/23/2016,"1,277.55€",3/18/16 8:00
C2016-20,3,F1 elektr,F1 electric,F1 electric-s,1.1.3,2FS,FS4;FS5,3/25/16 8:00,3/31/16 17:00,5d,0.00€,797.63€,0.00€,0.00€,797.63€,3/25/16 8:00,5,3/30/2016,"1,013.63€",3/25/16 8:00
C2016-20,4,Aansluiting water,Water connection,Water connection-s,1.1.4,3FS,,4/1/16 8:00,4/7/16 17:00,5d,0.00€,960.00€,0.00€,0.00€,960.00€,4/1/16 8:00,5,4/6/2016,953.00€,4/1/16 8:00
C2016-20,5,Dakisolatie,roof insulation,roof insulation-s,1.1.5,3FS,FS6,4/1/16 8:00,4/7/16 17:00,5d,0.00€,"2,383.10€",0.00€,0.00€,"2,383.10€",4/1/16 8:00,5,4/6/2016,"2,082.10€",4/1/16 8:00
C2016-20,6,F1 pleister,F1 patch,F1 patch-s,1.1.6,5FS,FS7;FS25,4/8/16 8:00,4/21/16 17:00,10d,0.00€,"2,383.10€",0.00€,0.00€,"2,383.10€",4/8/16 8:00,10,4/18/2016,"2,752.10€",4/8/16 8:00
C2016-20,7,Opm keuken,opm kitchen,opm kitchen-s,1.2.1,6FS,FS8;FS9,4/22/16 8:00,4/28/16 17:00,5d,0.00€,"2,231.25€",0.00€,0.00€,"2,231.25€",4/22/16 8:00,5,4/27/2016,"2,984.25€",4/22/16 8:00
C2016-20,25,F2 san/cv,F2 san/cv,F2 san/cv-s,1.2.2,6FS,FS8;FS9,4/22/16 8:00,4/28/16 17:00,5d,0.00€,"1,932.83€",0.00€,0.00€,"1,932.83€",4/22/16 8:00,5,4/27/2016,"1,915.83€",4/22/16 8:00
C2016-20,8,F2 ventilatie,F2 ventilation,F2 ventilation-s,1.2.3,7FS;25FS,,4/29/16 8:00,5/5/16 17:00,5d,0.00€,"1,158.75€",0.00€,0.00€,"1,158.75€",4/29/16 8:00,5,5/4/2016,"1,125.75€",4/29/16 8:00
C2016-20,9,Vloerisolatie,Floor insulation,Floor insulation-s,1.2.4,7FS;25FS,FS27,4/29/16 8:00,5/5/16 17:00,5d,0.00€,"1,849.78€",0.00€,0.00€,"1,849.78€",4/29/16 8:00,5,5/4/2016,590.78€,4/29/16 8:00
C2016-20,27,Vloerverwarming,Underfloor heating,Underfloor heating-s,1.2.5,9FS,FS10,5/6/16 8:00,5/12/16 17:00,5d,0.00€,"1,849.78€",0.00€,0.00€,"1,849.78€",5/6/16 8:00,5,5/11/2016,"1,833.78€",5/6/16 8:00
C2016-20,10,Chape,screed,screed-s,1.2.6,27FS,FS11;FS12,5/13/16 8:00,5/19/16 17:00,5d,0.00€,"1,673.75€",0.00€,0.00€,"1,673.75€",5/13/16 8:00,5,5/18/2016,"1,427.75€",5/13/16 8:00
C2016-20,11,Opm Binnenschr,inner window,inner window-s,1.2.7,10FS,,5/20/16 8:00,5/26/16 17:00,5d,0.00€,"1,132.67€",0.00€,0.00€,"1,132.67€",5/20/16 8:00,5,5/25/2016,"1,329.67€",5/20/16 8:00
C2016-20,12,F2 elektr,F2 electric,F2 electric-s,1.2.8,10FS,FS13,5/20/16 8:00,5/26/16 17:00,5d,0.00€,"1,196.45€",0.00€,0.00€,"1,196.45€",5/20/16 8:00,5,5/25/2016,"1,520.45€",5/20/16 8:00
C2016-20,13,openen E/G/W,open E/G/W,open E/G/W-s,1.2.9,12FS,FS14,5/27/16 8:00,5/27/16 17:00,1d,0.00€,318.75€,0.00€,0.00€,318.75€,5/27/16 8:00,1,5/28/2016,316.75€,5/27/16 8:00
C2016-20,14,F3 san/cv,F3 san/cv,F3 san/cv-s,1.3.1,13FS,FS15,5/30/16 8:00,6/3/16 17:00,5d,0.00€,"3,221.38€",0.00€,0.00€,"3,221.38€",5/30/16 8:00,5,6/4/2016,"3,193.38€",5/30/16 8:00
C2016-20,15,Vloerwerken,Floor works,Floor works-s,1.3.2,14FS,FS16,6/6/16 8:00,6/10/16 17:00,5d,0.00€,"1,387.33€",0.00€,0.00€,"1,387.33€",6/6/16 8:00,5,6/11/2016,"1,124.33€",6/6/16 8:00
C2016-20,16,Trappen,stairs,stairs-s,1.3.3,15FS,FS17,6/13/16 8:00,6/17/16 17:00,5d,0.00€,"2,252.11€",0.00€,0.00€,"2,252.11€",6/13/16 8:00,5,6/18/2016,"2,645.11€",6/13/16 8:00
C2016-20,17,Binnenschrijnwerk,Interior joinery,Interior joinery-s,1.3.4,16FS,FS18,6/20/16 8:00,6/24/16 17:00,5d,0.00€,"1,699.01€",0.00€,0.00€,"1,699.01€",6/20/16 8:00,5,6/25/2016,"1,995.01€",6/20/16 8:00
C2016-20,18,Keuken,kitchen,kitchen-s,1.3.5,17FS,FS19;FS20,6/27/16 8:00,7/1/16 17:00,5d,0.00€,"3,825.00€",0.00€,0.00€,"3,825.00€",6/27/16 8:00,5,7/2/2016,"5,115.00€",6/27/16 8:00
C2016-20,19,afw ventilatie,afw ventilation,afw ventilation-s,1.4.1,18FS,FS21;FS24;FS26,7/4/16 8:00,7/8/16 17:00,5d,0.00€,"1,931.25€",0.00€,0.00€,"1,931.25€",7/4/16 8:00,5,7/9/2016,"1,875.25€",7/4/16 8:00
C2016-20,20,afw elektr,afw electr,afw electr-s,1.4.2,18FS,FS21;FS24,7/4/16 8:00,7/8/16 17:00,5d,0.00€,"1,994.09€",0.00€,0.00€,"1,994.09€",7/4/16 8:00,5,7/9/2016,"2,534.09€",7/4/16 8:00
C2016-20,21,afw san/cv,afw san/cv,afw san/cv-s,1.4.3,19FS;20FS,,7/11/16 8:00,7/15/16 17:00,5d,0.00€,"6,442.75€",0.00€,0.00€,"6,442.75€",7/11/16 8:00,5,7/16/2016,"6,385.75€",7/11/16 8:00
C2016-20,26,afw vloer,afw floor,afw floor-s,1.4.4,19FS,,7/11/16 8:00,7/15/16 17:00,5d,0.00€,"4,162.00€",0.00€,0.00€,"4,162.00€",7/11/16 8:00,5,7/16/2016,"3,372.00€",7/11/16 8:00
C2016-20,24,afw pleister,afw plaster,afw plaster-s,1.4.5,19FS;20FS,,7/11/16 8:00,7/15/16 17:00,5d,0.00€,"3,177.47€",0.00€,0.00€,"3,177.47€",7/11/16 8:00,5,7/16/2016,"3,669.47€",7/11/16 8:00
C2016-19,1,F1 ventilatie,F1 ventilation,F1 ventilation-s,1.1.1,,FS2,3/11/16 8:00,3/17/16 17:00,5d,0.00€,772.50€,0.00€,0.00€,772.50€,3/11/16 8:00,5,3/16/2016,750.50€,3/11/16 8:00
C2016-19,2,F1 san/cv,F1 san/cv,F1 san/cv-s,1.1.2,1FS,FS3,3/18/16 8:00,3/24/16 17:00,5d,0.00€,"1,288.55€",0.00€,0.00€,"1,288.55€",3/18/16 8:00,5,3/23/2016,"1,277.55€",3/18/16 8:00
C2016-19,3,F1 elektr,F1 electric,F1 electric-s,1.1.3,2FS,FS4;FS5,3/25/16 8:00,3/31/16 17:00,5d,0.00€,814.26€,0.00€,0.00€,814.26€,3/25/16 8:00,5,3/30/2016,"1,034.26€",3/25/16 8:00
C2016-19,4,Aansluiting water,Water connection,Water connection-s,1.1.4,3FS,,4/1/16 8:00,4/7/16 17:00,5d,0.00€,960.00€,0.00€,0.00€,960.00€,4/1/16 8:00,5,4/6/2016,953.00€,4/1/16 8:00
C2016-19,5,Dakisolatie,roof insulation,roof insulation-s,1.1.5,3FS,FS6,4/1/16 8:00,4/7/16 17:00,5d,0.00€,"2,146.11€",0.00€,0.00€,"2,146.11€",4/1/16 8:00,5,4/6/2016,"1,875.11€",4/1/16 8:00
C2016-19,6,F1 pleister,F1 patch,F1 patch-s,1.1.6,5FS,FS7;FS25,4/8/16 8:00,4/21/16 17:00,10d,0.00€,"2,146.11€",0.00€,0.00€,"2,146.11€",4/8/16 8:00,10,4/18/2016,"2,478.11€",4/8/16 8:00
C2016-19,7,Opm keuken,opm kitchen,opm kitchen-s,1.2.1,6FS,FS8;FS9,4/22/16 8:00,4/28/16 17:00,5d,0.00€,"2,231.25€",0.00€,0.00€,"2,231.25€",4/22/16 8:00,5,4/27/2016,"2,984.25€",4/22/16 8:00
C2016-19,25,F2 san/cv,F2 san/cv,F2 san/cv-s,1.2.2,6FS,FS8;FS9,4/22/16 8:00,4/28/16 17:00,5d,0.00€,"1,932.83€",0.00€,0.00€,"1,932.83€",4/22/16 8:00,5,4/27/2016,"1,915.83€",4/22/16 8:00
C2016-19,8,F2 ventilatie,F2 ventilation,F2 ventilation-s,1.2.3,7FS;25FS,,4/29/16 8:00,5/5/16 17:00,5d,0.00€,"1,158.75€",0.00€,0.00€,"1,158.75€",4/29/16 8:00,5,5/4/2016,"1,125.75€",4/29/16 8:00
C2016-19,9,Vloerisolatie,Floor insulation,Floor insulation-s,1.2.4,7FS;25FS,FS27,4/29/16 8:00,5/5/16 17:00,5d,0.00€,"1,720.69€",0.00€,0.00€,"1,720.69€",4/29/16 8:00,5,5/4/2016,556.69€,4/29/16 8:00
C2016-19,27,Vloerverwarming,Underfloor heating,Underfloor heating-s,1.2.5,9FS,FS10,5/6/16 8:00,5/12/16 17:00,5d,0.00€,"1,720.69€",0.00€,0.00€,"1,720.69€",5/6/16 8:00,5,5/11/2016,"1,705.69€",5/6/16 8:00
C2016-19,10,Chape,screed,screed-s,1.2.6,27FS,FS11;FS12,5/13/16 8:00,5/19/16 17:00,5d,0.00€,"1,549.41€",0.00€,0.00€,"1,549.41€",5/13/16 8:00,5,5/18/2016,"1,321.41€",5/13/16 8:00
C2016-19,11,Opm Binnenschr,inner window,inner window-s,1.2.7,10FS,,5/20/16 8:00,5/26/16 17:00,5d,0.00€,979.98€,0.00€,0.00€,979.98€,5/20/16 8:00,5,5/25/2016,"1,150.98€",5/20/16 8:00
C2016-19,12,F2 elektr,F2 electric,F2 electric-s,1.2.8,10FS,FS13,5/20/16 8:00,5/26/16 17:00,5d,0.00€,"1,221.39€",0.00€,0.00€,"1,221.39€",5/20/16 8:00,5,5/25/2016,"1,552.39€",5/20/16 8:00
C2016-19,13,openen E/G/W,open E/G/W,open E/G/W-s,1.2.9,12FS,FS14,5/27/16 8:00,5/27/16 17:00,1d,0.00€,318.75€,0.00€,0.00€,318.75€,5/27/16 8:00,1,5/28/2016,316.75€,5/27/16 8:00
C2016-19,14,F3 san/cv,F3 san/cv,F3 san/cv-s,1.3.1,13FS,FS15,5/30/16 8:00,6/3/16 17:00,5d,0.00€,"3,221.38€",0.00€,0.00€,"3,221.38€",5/30/16 8:00,5,6/4/2016,"3,193.38€",5/30/16 8:00
C2016-19,15,Vloerwerken,Floor works,Floor works-s,1.3.2,14FS,FS16,6/6/16 8:00,6/10/16 17:00,5d,0.00€,"1,290.51€",0.00€,0.00€,"1,290.51€",6/6/16 8:00,5,6/11/2016,"1,045.51€",6/6/16 8:00
C2016-19,16,Trappen,stairs,stairs-s,1.3.3,15FS,FS17,6/13/16 8:00,6/17/16 17:00,5d,0.00€,"3,392.58€",0.00€,0.00€,"3,392.58€",6/13/16 8:00,5,6/18/2016,"3,984.58€",6/13/16 8:00
C2016-19,17,Binnenschrijnwerk,Interior joinery,Interior joinery-s,1.3.4,16FS,FS18,6/20/16 8:00,6/24/16 17:00,5d,0.00€,"1,469.97€",0.00€,0.00€,"1,469.97€",6/20/16 8:00,5,6/25/2016,"1,725.97€",6/20/16 8:00
C2016-19,18,Keuken,kitchen,kitchen-s,1.3.5,17FS,FS19;FS20,6/27/16 8:00,7/1/16 17:00,5d,0.00€,"3,825.00€",0.00€,0.00€,"3,825.00€",6/27/16 8:00,5,7/2/2016,"5,115.00€",6/27/16 8:00
C2016-19,19,afw ventilatie,afw ventilation,afw ventilation-s,1.4.1,18FS,FS21;FS24;FS26,7/4/16 8:00,7/8/16 17:00,5d,0.00€,"1,931.25€",0.00€,0.00€,"1,931.25€",7/4/16 8:00,5,7/9/2016,"1,875.25€",7/4/16 8:00
C2016-19,20,afw elektr,afw electr,afw electr-s,1.4.2,18FS,FS21;FS24,7/4/16 8:00,7/8/16 17:00,5d,0.00€,"2,035.65€",0.00€,0.00€,"2,035.65€",7/4/16 8:00,5,7/9/2016,"2,586.65€",7/4/16 8:00
C2016-19,21,afw san/cv,afw san/cv,afw san/cv-s,1.4.3,19FS;20FS,,7/11/16 8:00,7/15/16 17:00,5d,0.00€,"6,442.75€",0.00€,0.00€,"6,442.75€",7/11/16 8:00,5,7/16/2016,"6,385.75€",7/11/16 8:00
C2016-19,26,afw vloer,afw floor,afw floor-s,1.4.4,19FS,,7/11/16 8:00,7/15/16 17:00,5d,0.00€,"3,871.54€",0.00€,0.00€,"3,871.54€",7/11/16 8:00,5,7/16/2016,"3,136.54€",7/11/16 8:00
C2016-19,24,afw pleister,afw plaster,afw plaster-s,1.4.5,19FS;20FS,,7/11/16 8:00,7/15/16 17:00,5d,0.00€,"2,861.48€",0.00€,0.00€,"2,861.48€",7/11/16 8:00,5,7/16/2016,"3,304.48€",7/11/16 8:00
C2016-18,1,F1 ventilatie,F1 ventilation,F1 ventilation-s,1.1.1,,FS2,3/11/16 8:00,3/17/16 17:00,5d,0.00€,772.50€,0.00€,0.00€,772.50€,3/11/16 8:00,5,3/16/2016,750.50€,3/11/16 8:00
C2016-18,2,F1 san/cv,F1 san/cv,F1 san/cv-s,1.1.2,1FS,FS3,3/18/16 8:00,3/24/16 17:00,5d,0.00€,"1,288.55€",0.00€,0.00€,"1,288.55€",3/18/16 8:00,5,3/23/2016,"1,417.55€",3/18/16 8:00
C2016-18,3,F1 elektr,F1 electric,F1 electric-s,1.1.3,2FS,FS4;FS5,3/25/16 8:00,3/31/16 17:00,5d,0.00€,804.51€,0.00€,0.00€,804.51€,3/25/16 8:00,5,3/30/2016,"1,253.51€",3/25/16 8:00
C2016-18,4,Aansluiting water,Water connection,Water connection-s,1.1.4,3FS,,4/1/16 8:00,4/7/16 17:00,5d,0.00€,960.00€,0.00€,0.00€,960.00€,4/1/16 8:00,5,4/6/2016,"1,565.00€",4/1/16 8:00
C2016-18,5,Dakisolatie,roof insulation,roof insulation-s,1.1.5,3FS,FS6,4/1/16 8:00,4/7/16 17:00,5d,0.00€,"2,121.48€",0.00€,0.00€,"2,121.48€",4/1/16 8:00,5,4/6/2016,"2,869.48€",4/1/16 8:00
C2016-18,6,F1 pleister,F1 patch,F1 patch-s,1.1.6,5FS,FS7;FS25,4/8/16 8:00,4/21/16 17:00,10d,0.00€,"2,121.48€",0.00€,0.00€,"2,121.48€",4/8/16 8:00,10,4/18/2016,"2,688.48€",4/8/16 8:00
C2016-18,7,Opm keuken,opm kitchen,opm kitchen-s,1.2.1,6FS,FS8;FS9,4/22/16 8:00,4/28/16 17:00,5d,0.00€,"2,231.25€",0.00€,0.00€,"2,231.25€",4/22/16 8:00,5,4/27/2016,"2,813.25€",4/22/16 8:00
C2016-18,25,F2 san/cv,F2 san/cv,F2 san/cv-s,1.2.2,6FS,FS8;FS9,4/22/16 8:00,4/28/16 17:00,5d,0.00€,"1,932.83€",0.00€,0.00€,"1,932.83€",4/22/16 8:00,5,4/27/2016,"2,126.83€",4/22/16 8:00
C2016-18,8,F2 ventilatie,F2 ventilation,F2 ventilation-s,1.2.3,7FS;25FS,,4/29/16 8:00,5/5/16 17:00,5d,0.00€,"1,158.75€",0.00€,0.00€,"1,158.75€",4/29/16 8:00,5,5/4/2016,"1,125.75€",4/29/16 8:00
C2016-18,9,Vloerisolatie,Floor insulation,Floor insulation-s,1.2.4,7FS;25FS,FS27,4/29/16 8:00,5/5/16 17:00,5d,0.00€,"1,716.95€",0.00€,0.00€,"1,716.95€",4/29/16 8:00,5,5/4/2016,"1,918.95€",4/29/16 8:00
C2016-18,27,Vloerverwarming,Underfloor heating,Underfloor heating-s,1.2.5,9FS,FS10,5/6/16 8:00,5/12/16 17:00,5d,0.00€,"1,716.95€",0.00€,0.00€,"1,716.95€",5/6/16 8:00,5,5/11/2016,"1,888.95€",5/6/16 8:00
C2016-18,10,Chape,screed,screed-s,1.2.6,27FS,FS11;FS12,5/13/16 8:00,5/19/16 17:00,5d,0.00€,"1,511.08€",0.00€,0.00€,"1,511.08€",5/13/16 8:00,5,5/18/2016,"1,892.08€",5/13/16 8:00
C2016-18,11,Opm Binnenschr,inner window,inner window-s,1.2.7,10FS,,5/20/16 8:00,5/26/16 17:00,5d,0.00€,979.98€,0.00€,0.00€,979.98€,5/20/16 8:00,5,5/25/2016,"1,278.98€",5/20/16 8:00
C2016-18,12,F2 elektr,F2 electric,F2 electric-s,1.2.8,10FS,FS13,5/20/16 8:00,5/26/16 17:00,5d,0.00€,"1,206.77€",0.00€,0.00€,"1,206.77€",5/20/16 8:00,5,5/25/2016,"1,880.77€",5/20/16 8:00
C2016-18,13,openen E/G/W,open E/G/W,open E/G/W-s,1.2.9,12FS,FS14,5/27/16 8:00,5/27/16 17:00,1d,0.00€,318.75€,0.00€,0.00€,318.75€,5/27/16 8:00,1,5/28/2016,519.75€,5/27/16 8:00
C2016-18,14,F3 san/cv,F3 san/cv,F3 san/cv-s,1.3.1,13FS,FS15,5/30/16 8:00,6/3/16 17:00,5d,0.00€,"3,221.38€",0.00€,0.00€,"3,221.38€",5/30/16 8:00,5,6/4/2016,"3,544.38€",5/30/16 8:00
C2016-18,15,Vloerwerken,Floor works,Floor works-s,1.3.2,14FS,FS16,6/6/16 8:00,6/10/16 17:00,5d,0.00€,"1,287.71€",0.00€,0.00€,"1,287.71€",6/6/16 8:00,5,6/11/2016,"1,109.71€",6/6/16 8:00
C2016-18,16,Trappen,stairs,stairs-s,1.3.3,15FS,FS17,6/13/16 8:00,6/17/16 17:00,5d,0.00€,"3,392.58€",0.00€,0.00€,"3,392.58€",6/13/16 8:00,5,6/18/2016,"4,428.58€",6/13/16 8:00
C2016-18,17,Binnenschrijnwerk,Interior joinery,Interior joinery-s,1.3.4,16FS,FS18,6/20/16 8:00,6/24/16 17:00,5d,0.00€,"1,469.97€",0.00€,0.00€,"1,469.97€",6/20/16 8:00,5,6/25/2016,"1,918.97€",6/20/16 8:00
C2016-18,18,Keuken,kitchen,kitchen-s,1.3.5,17FS,FS19;FS20,6/27/16 8:00,7/1/16 17:00,5d,0.00€,"3,825.00€",0.00€,0.00€,"3,825.00€",6/27/16 8:00,5,7/2/2016,"4,824.00€",6/27/16 8:00
C2016-18,19,afw ventilatie,afw ventilation,afw ventilation-s,1.4.1,18FS,FS21;FS24;FS26,7/4/16 8:00,7/8/16 17:00,5d,0.00€,"1,931.25€",0.00€,0.00€,"1,931.25€",7/4/16 8:00,5,7/9/2016,"1,875.25€",7/4/16 8:00
C2016-18,20,afw elektr,afw electr,afw electr-s,1.4.2,18FS,FS21;FS24,7/4/16 8:00,7/8/16 17:00,5d,0.00€,"2,011.29€",0.00€,0.00€,"2,011.29€",7/4/16 8:00,5,7/9/2016,"3,135.29€",7/4/16 8:00
C2016-18,21,afw san/cv,afw san/cv,afw san/cv-s,1.4.3,19FS;20FS,,7/11/16 8:00,7/15/16 17:00,5d,0.00€,"6,442.75€",0.00€,0.00€,"6,442.75€",7/11/16 8:00,5,7/16/2016,"7,089.75€",7/11/16 8:00
C2016-18,26,afw vloer,afw floor,afw floor-s,1.4.4,19FS,,7/11/16 8:00,7/15/16 17:00,5d,0.00€,"3,863.13€",0.00€,0.00€,"3,863.13€",7/11/16 8:00,5,7/16/2016,"3,329.13€",7/11/16 8:00
C2016-18,24,afw pleister,afw plaster,afw plaster-s,1.4.5,19FS;20FS,,7/11/16 8:00,7/15/16 17:00,5d,0.00€,"2,828.63€",0.00€,0.00€,"2,828.63€",7/11/16 8:00,5,7/16/2016,"3,584.63€",7/11/16 8:00
C2016-17,1,F1 ventilatie,F1 ventilation,F1 ventilation-s,1.1.1,,FS2,3/11/16 8:00,3/17/16 17:00,5d,0.00€,772.50€,0.00€,0.00€,772.50€,3/11/16 8:00,5,3/16/2016,750.50€,3/11/16 8:00
C2016-17,2,F1 san/cv,F1 san/cv,F1 san/cv-s,1.1.2,1FS,FS3,3/18/16 8:00,3/24/16 17:00,5d,0.00€,"1,288.55€",0.00€,0.00€,"1,288.55€",3/18/16 8:00,5,3/23/2016,"1,417.55€",3/18/16 8:00
C2016-17,3,F1 elektr,F1 electric,F1 electric-s,1.1.3,2FS,FS4;FS5,3/25/16 8:00,3/31/16 17:00,5d,0.00€,858.98€,0.00€,0.00€,858.98€,3/25/16 8:00,5,3/30/2016,"1,338.98€",3/25/16 8:00
C2016-17,4,Aansluiting water,Water connection,Water connection-s,1.1.4,3FS,,4/1/16 8:00,4/7/16 17:00,5d,0.00€,960.00€,0.00€,0.00€,960.00€,4/1/16 8:00,5,4/6/2016,"1,565.00€",4/1/16 8:00
C2016-17,5,Dakisolatie,roof insulation,roof insulation-s,1.1.5,3FS,FS6,4/1/16 8:00,4/14/16 17:00,10d,0.00€,"2,636.98€",0.00€,0.00€,"2,636.98€",4/1/16 8:00,10,4/11/2016,"3,566.98€",4/1/16 8:00
C2016-17,6,F1 pleister,F1 patch,F1 patch-s,1.1.6,5FS,FS7;FS25,4/15/16 8:00,4/21/16 17:00,5d,0.00€,"2,636.98€",0.00€,0.00€,"2,636.98€",4/15/16 8:00,5,4/20/2016,"3,341.98€",4/15/16 8:00
C2016-17,7,Opm keuken,opm kitchen,opm kitchen-s,1.2.1,6FS,FS8;FS9,4/22/16 8:00,4/28/16 17:00,5d,0.00€,"2,231.25€",0.00€,0.00€,"2,231.25€",4/22/16 8:00,5,4/27/2016,"2,813.25€",4/22/16 8:00
C2016-17,25,F2 san/cv,F2 san/cv,F2 san/cv-s,1.2.2,6FS,FS8;FS9,4/22/16 8:00,4/28/16 17:00,5d,0.00€,"1,932.83€",0.00€,0.00€,"1,932.83€",4/22/16 8:00,5,4/27/2016,"2,126.83€",4/22/16 8:00
C2016-17,8,F2 ventilatie,F2 ventilation,F2 ventilation-s,1.2.3,7FS;25FS,,4/29/16 8:00,5/5/16 17:00,5d,0.00€,"1,158.75€",0.00€,0.00€,"1,158.75€",4/29/16 8:00,5,5/4/2016,"1,125.75€",4/29/16 8:00
C2016-17,9,Vloerisolatie,Floor insulation,Floor insulation-s,1.2.4,7FS;25FS,FS10,4/29/16 8:00,5/5/16 17:00,5d,0.00€,"3,204.76€",0.00€,0.00€,"3,204.76€",4/29/16 8:00,5,5/4/2016,"3,582.76€",4/29/16 8:00
C2016-17,10,Chape,screed,screed-s,1.2.5,9FS,FS11;FS12,5/6/16 8:00,5/12/16 17:00,5d,0.00€,"1,959.92€",0.00€,0.00€,"1,959.92€",5/6/16 8:00,5,5/11/2016,"2,454.92€",5/6/16 8:00
C2016-17,11,Opm Binnenschr,inner window,inner window-s,1.2.6,10FS,,5/13/16 8:00,5/19/16 17:00,5d,0.00€,"1,056.33€",0.00€,0.00€,"1,056.33€",5/13/16 8:00,5,5/18/2016,"1,378.33€",5/13/16 8:00
C2016-17,12,F2 elektr,F2 electric,F2 electric-s,1.2.7,10FS,FS13,5/13/16 8:00,5/19/16 17:00,5d,0.00€,"1,288.47€",0.00€,0.00€,"1,288.47€",5/13/16 8:00,5,5/18/2016,"2,008.47€",5/13/16 8:00
C2016-17,13,openen E/G/W,open E/G/W,open E/G/W-s,1.2.8,12FS,FS14,5/20/16 8:00,5/20/16 17:00,1d,0.00€,318.75€,0.00€,0.00€,318.75€,5/20/16 8:00,1,5/21/2016,519.75€,5/20/16 8:00
C2016-17,14,F3 san/cv,F3 san/cv,F3 san/cv-s,1.3.1,13FS,FS15,5/23/16 8:00,5/27/16 17:00,5d,0.00€,"3,221.38€",0.00€,0.00€,"3,221.38€",5/23/16 8:00,5,5/28/2016,"3,544.38€",5/23/16 8:00
C2016-17,15,Vloerwerken,Floor works,Floor works-s,1.3.2,14FS,FS16,5/30/16 8:00,6/3/16 17:00,5d,0.00€,"2,136.51€",0.00€,0.00€,"2,136.51€",5/30/16 8:00,5,6/4/2016,"1,841.51€",5/30/16 8:00
C2016-17,16,Trappen,stairs,stairs-s,1.3.3,15FS,FS17,6/6/16 8:00,6/10/16 17:00,5d,0.00€,"2,252.11€",0.00€,0.00€,"2,252.11€",6/6/16 8:00,5,6/11/2016,"2,940.11€",6/6/16 8:00
C2016-17,17,Binnenschrijnwerk,Interior joinery,Interior joinery-s,1.3.4,16FS,FS18,6/13/16 8:00,6/17/16 17:00,5d,0.00€,"1,584.49€",0.00€,0.00€,"1,584.49€",6/13/16 8:00,5,6/18/2016,"2,068.49€",6/13/16 8:00
C2016-17,18,Keuken,kitchen,kitchen-s,1.3.5,17FS,FS19;FS20,6/20/16 8:00,6/24/16 17:00,5d,0.00€,"3,825.00€",0.00€,0.00€,"3,825.00€",6/20/16 8:00,5,6/25/2016,"4,824.00€",6/20/16 8:00
C2016-17,19,afw ventilatie,afw ventilation,afw ventilation-s,1.4.1,18FS,FS21;FS24;FS26,6/27/16 8:00,7/1/16 17:00,5d,0.00€,"1,931.25€",0.00€,0.00€,"1,931.25€",6/27/16 8:00,5,7/2/2016,"1,875.25€",6/27/16 8:00
C2016-17,20,afw elektr,afw electr,afw electr-s,1.4.2,18FS,FS21;FS24,6/27/16 8:00,7/1/16 17:00,5d,0.00€,"2,147.45€",0.00€,0.00€,"2,147.45€",6/27/16 8:00,5,7/2/2016,"3,347.45€",6/27/16 8:00
C2016-17,21,afw san/cv,afw san/cv,afw san/cv-s,1.4.3,19FS;20FS,,7/4/16 8:00,7/8/16 17:00,5d,0.00€,"6,442.75€",0.00€,0.00€,"6,442.75€",7/4/16 8:00,5,7/9/2016,"7,089.75€",7/4/16 8:00
C2016-17,26,afw vloer,afw floor,afw floor-s,1.4.4,19FS,,7/4/16 8:00,7/8/16 17:00,5d,0.00€,"5,341.27€",0.00€,0.00€,"5,341.27€",7/4/16 8:00,5,7/9/2016,"4,602.27€",7/4/16 8:00
C2016-17,24,afw pleister,afw plaster,afw plaster-s,1.4.5,19FS;20FS,,7/4/16 8:00,7/8/16 17:00,5d,0.00€,"3,515.91€",0.00€,0.00€,"3,515.91€",7/4/16 8:00,5,7/9/2016,"4,455.91€",7/4/16 8:00
C2016-16,1,F1 ventilatie,F1 ventilation,F1 ventilation-s,1.1.1,,FS2,3/11/16 8:00,3/17/16 17:00,5d,0.00€,772.50€,0.00€,0.00€,772.50€,3/11/16 8:00,5,3/16/2016,750.50€,3/11/16 8:00
C2016-16,2,F1 san/cv,F1 san/cv,F1 san/cv-s,1.1.2,1FS,FS3,3/18/16 8:00,3/24/16 17:00,5d,0.00€,"1,288.55€",0.00€,0.00€,"1,288.55€",3/18/16 8:00,5,3/23/2016,"1,417.55€",3/18/16 8:00
C2016-16,3,F1 elektr,F1 electric,F1 electric-s,1.1.3,2FS,FS4;FS5,3/25/16 8:00,3/31/16 17:00,5d,0.00€,852.14€,0.00€,0.00€,852.14€,3/25/16 8:00,5,3/30/2016,"1,328.14€",3/25/16 8:00
C2016-16,4,Aansluiting water,Water connection,Water connection-s,1.1.4,3FS,,4/1/16 8:00,4/7/16 17:00,5d,0.00€,960.00€,0.00€,0.00€,960.00€,4/1/16 8:00,5,4/6/2016,"1,565.00€",4/1/16 8:00
C2016-16,5,Dakisolatie,roof insulation,roof insulation-s,1.1.5,3FS,FS6,4/1/16 8:00,4/14/16 17:00,10d,0.00€,"2,576.19€",0.00€,0.00€,"2,576.19€",4/1/16 8:00,10,4/11/2016,"3,484.19€",4/1/16 8:00
C2016-16,6,F1 pleister,F1 patch,F1 patch-s,1.1.6,5FS,FS7;FS25,4/15/16 8:00,4/21/16 17:00,5d,0.00€,"2,576.19€",0.00€,0.00€,"2,576.19€",4/15/16 8:00,5,4/20/2016,"3,265.19€",4/15/16 8:00
C2016-16,7,Opm keuken,opm kitchen,opm kitchen-s,1.2.1,6FS,FS8;FS9,4/22/16 8:00,4/28/16 17:00,5d,0.00€,"2,231.25€",0.00€,0.00€,"2,231.25€",4/22/16 8:00,5,4/27/2016,"2,813.25€",4/22/16 8:00
C2016-16,25,F2 san/cv,F2 san/cv,F2 san/cv-s,1.2.2,6FS,FS8;FS9,4/22/16 8:00,4/28/16 17:00,5d,0.00€,"1,932.83€",0.00€,0.00€,"1,932.83€",4/22/16 8:00,5,4/27/2016,"2,126.83€",4/22/16 8:00
C2016-16,8,F2 ventilatie,F2 ventilation,F2 ventilation-s,1.2.3,7FS;25FS,,4/29/16 8:00,5/5/16 17:00,5d,0.00€,"1,158.75€",0.00€,0.00€,"1,158.75€",4/29/16 8:00,5,5/4/2016,"1,125.75€",4/29/16 8:00
C2016-16,9,Vloerisolatie,Floor insulation,Floor insulation-s,1.2.4,7FS;25FS,FS10,4/29/16 8:00,5/5/16 17:00,5d,0.00€,"3,108.87€",0.00€,0.00€,"3,108.87€",4/29/16 8:00,5,5/4/2016,"3,475.87€",4/29/16 8:00
C2016-16,10,Chape,screed,screed-s,1.2.5,9FS,FS11;FS12,5/6/16 8:00,5/12/16 17:00,5d,0.00€,"1,966.48€",0.00€,0.00€,"1,966.48€",5/6/16 8:00,5,5/11/2016,"2,462.48€",5/6/16 8:00
C2016-16,11,Opm Binnenschr,inner window,inner window-s,1.2.6,10FS,,5/13/16 8:00,5/19/16 17:00,5d,0.00€,"1,056.33€",0.00€,0.00€,"1,056.33€",5/13/16 8:00,5,5/18/2016,"1,378.33€",5/13/16 8:00
C2016-16,12,F2 elektr,F2 electric,F2 electric-s,1.2.7,10FS,FS13,5/13/16 8:00,5/19/16 17:00,5d,0.00€,"1,278.21€",0.00€,0.00€,"1,278.21€",5/13/16 8:00,5,5/18/2016,"1,992.21€",5/13/16 8:00
C2016-16,13,openen E/G/W,open E/G/W,open E/G/W-s,1.2.8,12FS,FS14,5/20/16 8:00,5/26/16 17:00,5d,0.00€,318.75€,0.00€,0.00€,318.75€,5/20/16 8:00,5,5/25/2016,519.75€,5/20/16 8:00
C2016-16,14,F3 san/cv,F3 san/cv,F3 san/cv-s,1.3.1,13FS,FS15,5/27/16 8:00,6/2/16 17:00,5d,0.00€,"3,221.38€",0.00€,0.00€,"3,221.38€",5/27/16 8:00,5,6/1/2016,"3,544.38€",5/27/16 8:00
C2016-16,15,Vloerwerken,Floor works,Floor works-s,1.3.2,14FS,FS16,6/3/16 8:00,6/9/16 17:00,5d,0.00€,"2,072.58€",0.00€,0.00€,"2,072.58€",6/3/16 8:00,5,6/8/2016,"1,786.58€",6/3/16 8:00
C2016-16,16,Trappen,stairs,stairs-s,1.3.3,15FS,FS17,6/10/16 8:00,6/16/16 17:00,5d,0.00€,"2,676.55€",0.00€,0.00€,"2,676.55€",6/10/16 8:00,5,6/15/2016,"3,493.55€",6/10/16 8:00
C2016-16,17,Binnenschrijnwerk,Interior joinery,Interior joinery-s,1.3.4,16FS,FS18,6/17/16 8:00,6/23/16 17:00,5d,0.00€,"1,584.49€",0.00€,0.00€,"1,584.49€",6/17/16 8:00,5,6/22/2016,"2,068.49€",6/17/16 8:00
C2016-16,18,Keuken,kitchen,kitchen-s,1.3.5,17FS,FS19;FS20,6/24/16 8:00,6/30/16 17:00,5d,0.00€,"3,825.00€",0.00€,0.00€,"3,825.00€",6/24/16 8:00,5,6/29/2016,"4,824.00€",6/24/16 8:00
C2016-16,19,afw ventilatie,afw ventilation,afw ventilation-s,1.4.1,18FS,FS21;FS24;FS26,7/1/16 8:00,7/7/16 17:00,5d,0.00€,"1,931.25€",0.00€,0.00€,"1,931.25€",7/1/16 8:00,5,7/6/2016,"1,875.25€",7/1/16 8:00
C2016-16,20,afw elektr,afw electr,afw electr-s,1.4.2,18FS,FS21;FS24,7/1/16 8:00,7/7/16 17:00,5d,0.00€,"2,130.35€",0.00€,0.00€,"2,130.35€",7/1/16 8:00,5,7/6/2016,"3,320.35€",7/1/16 8:00
C2016-16,21,afw san/cv,afw san/cv,afw san/cv-s,1.4.3,19FS;20FS,,7/8/16 8:00,7/14/16 17:00,5d,0.00€,"6,442.75€",0.00€,0.00€,"6,442.75€",7/8/16 8:00,5,7/13/2016,"7,089.75€",7/8/16 8:00
C2016-16,26,afw vloer,afw floor,afw floor-s,1.4.4,19FS,,7/8/16 8:00,7/14/16 17:00,5d,0.00€,"5,181.45€",0.00€,0.00€,"5,181.45€",7/8/16 8:00,5,7/13/2016,"4,465.45€",7/8/16 8:00
C2016-16,24,afw pleister,afw plaster,afw plaster-s,1.4.5,19FS;20FS,,7/8/16 8:00,7/14/16 17:00,5d,0.00€,"3,434.92€",0.00€,0.00€,"3,434.92€",7/8/16 8:00,5,7/13/2016,"4,353.92€",7/8/16 8:00